,order_acknowledged_at,order_created_at,order_ready_at,order_value,restaurant_id,number_of_items
0,2015-06-01 11:28:28.952789,2015-06-01 04:48:57.956589,2015-06-01 13:12:09.474896,59.9,1326,2
1,2015-06-01 12:07:10.794050,2015-06-01 09:05:41.642719,2015-06-01 13:02:25.104517,56.3,255,7
2,2015-06-01 09:34:00.351812,2015-06-01 09:33:21.006872,2015-06-01 13:02:30.351682,15.1,2276,3
3,2015-06-01 11:05:16.201407,2015-06-01 10:03:44.777414,2015-06-01 14:43:20.740226,30.95,1941,2
4,2015-06-01 12:07:23.071515,2015-06-01 10:21:10.014098,2015-06-01 12:44:42.909174,147.7,1514,8
5,2015-06-01 10:22:56.328104,2015-06-01 10:22:34.605892,2015-06-01 12:23:57.316309,36.0,2276,4
6,2015-06-01 10:39:44.491932,2015-06-01 10:39:13.751482,2015-06-01 12:31:32.205864,48.0,604,1
7,2015-06-01 11:03:00.025211,2015-06-01 10:43:39.999002,2015-06-01 11:30:38.212802,18.0,1869,4
8,2015-06-01 10:50:44.072478,2015-06-01 10:50:01.144033,2015-06-01 12:24:36.777383,35.45,1518,4
9,2015-06-01 11:03:05.111532,2015-06-01 10:56:59.635424,2015-06-01 11:37:42.062492,15.0,1869,3
10,2015-06-01 11:02:23.080222,2015-06-01 11:01:44.132941,2015-06-01 12:48:49.660816,17.35,666,4
11,2015-06-01 11:19:45.696573,2015-06-01 11:04:09.842733,2015-06-01 12:25:55.648076,6.49,315,1
12,2015-06-01 11:36:52.802499,2015-06-01 11:11:35.535570,2015-06-01 12:17:39.115292,15.45,898,3
13,2015-06-01 11:58:24.244578,2015-06-01 11:12:01.272975,2015-06-01 12:39:26.266043,92.85,115,13
14,2015-06-01 11:15:17.442914,2015-06-01 11:14:53.020105,2015-06-01 11:19:09.730546,16.0,1872,3
15,2015-06-01 11:17:43.760715,2015-06-01 11:17:17.982024,2015-06-01 11:24:02.351127,15.0,1872,3
16,2015-06-01 11:59:13.081243,2015-06-01 11:23:16.392176,2015-06-01 12:24:48.780826,26.25,2308,3
17,2015-06-01 11:48:54.682843,2015-06-01 11:23:45.704599,2015-06-01 12:36:13.553946,18.4,1199,3
18,2015-06-01 11:24:58.623008,2015-06-01 11:24:29.025237,2015-06-01 12:32:27.765084,49.5,14,4
19,2015-06-01 11:25:26.104329,2015-06-01 11:25:14.140168,2015-06-01 12:38:14.434197,15.7,817,3
20,2015-06-01 11:27:48.888058,2015-06-01 11:26:49.537356,2015-06-01 11:29:18.345486,15.0,1871,3
21,2015-06-01 11:27:37.200425,2015-06-01 11:27:01.004303,2015-06-01 12:19:05.296303,45.0,879,2
22,2015-06-01 11:28:44.239165,2015-06-01 11:28:20.811087,2015-06-01 12:28:23.124845,40.9,177,9
23,2015-06-01 11:29:53.005282,2015-06-01 11:29:18.699177,2015-06-01 11:35:01.633489,21.9,2456,2
24,2015-06-01 12:08:43.515302,2015-06-01 11:29:44.888158,2015-06-01 12:19:16.324503,121.0,719,10
25,2015-06-01 11:31:58.743050,2015-06-01 11:31:26.745389,2015-06-01 12:25:55.970168,66.89,315,4
26,2015-06-01 11:34:38.041824,2015-06-01 11:31:47.550797,2015-06-01 12:18:15.866687,58.25,19,2
27,2015-06-01 11:34:21.419281,2015-06-01 11:33:29.241646,2015-06-01 12:45:26.561293,98.8,20,14
28,2015-06-01 12:38:05.601091,2015-06-01 11:35:14.180094,2015-06-01 12:55:01.118080,80.5,16,10
29,2015-06-01 12:11:44.660565,2015-06-01 11:36:29.601561,2015-06-01 12:41:39.681928,34.9,2734,5
30,2015-06-01 11:41:42.688600,2015-06-01 11:41:19.004884,2015-06-01 12:27:53.005436,18.6,2470,4
31,2015-06-01 11:43:01.079005,2015-06-01 11:42:48.949023,2015-06-01 11:44:01.853651,18.0,1871,2
32,2015-06-01 11:44:57.076113,2015-06-01 11:44:26.035308,2015-06-01 12:38:04.838115,22.0,2276,4
33,2015-06-01 11:48:25.270626,2015-06-01 11:46:49.668416,2015-06-01 11:48:45.859599,23.0,1871,5
34,2015-06-01 11:47:16.001518,2015-06-01 11:46:49.827821,2015-06-01 12:57:42.954178,66.86,137,4
35,2015-06-01 11:49:31.897344,2015-06-01 11:46:55.714632,2015-06-01 12:30:23.266325,104.6,2596,6
36,2015-06-01 11:51:39.479751,2015-06-01 11:50:39.353819,2015-06-01 12:32:40.480508,80.0,2786,2
37,2015-06-01 11:51:26.184558,2015-06-01 11:50:59.781420,2015-06-01 12:59:57.395628,11.5,51,2
38,2015-06-01 11:51:32.625587,2015-06-01 11:51:10.850166,2015-06-01 12:20:25.910094,15.35,68,3
39,2015-06-01 11:51:24.390196,2015-06-01 11:51:14.654045,2015-06-01 12:07:18.796208,33.0,1872,5
40,2015-06-01 11:54:27.774235,2015-06-01 11:53:39.944617,2015-06-01 12:46:14.116979,20.45,408,10
41,2015-06-01 11:54:30.956408,2015-06-01 11:53:47.659005,2015-06-01 12:36:16.302044,115.1,2631,3
42,2015-06-01 11:54:54.408568,2015-06-01 11:54:04.952558,2015-06-01 11:55:40.988202,17.0,1874,2
43,2015-06-01 11:54:45.457849,2015-06-01 11:54:14.627390,2015-06-01 13:08:44.090280,20.85,1319,3
44,2015-06-01 11:58:22.281324,2015-06-01 11:57:40.277744,2015-06-01 12:45:55.992620,25.8,2345,3
45,2015-06-01 11:59:57.057134,2015-06-01 11:59:47.307552,2015-06-01 13:01:30.666008,19.9,503,2
46,2015-06-01 12:03:35.013986,2015-06-01 12:03:03.205437,2015-06-01 12:04:02.100249,17.1,1882,4
47,2015-06-01 12:04:09.586597,2015-06-01 12:03:21.911145,2015-06-01 12:44:17.963002,23.85,855,1
48,2015-06-01 12:05:23.711636,2015-06-01 12:04:52.486165,2015-06-01 12:22:02.582057,43.5,2790,6
49,2015-06-01 12:06:42.785403,2015-06-01 12:05:57.079654,2015-06-01 12:08:30.163669,18.5,1871,8
50,2015-06-01 12:06:41.167974,2015-06-01 12:06:03.555520,2015-06-01 12:32:21.848221,73.0,1350,6
51,2015-06-01 12:06:37.084338,2015-06-01 12:06:21.905235,2015-06-01 12:55:37.273466,41.0,870,4
52,2015-06-01 12:34:14.295878,2015-06-01 12:08:25.133041,2015-06-01 12:43:18.353509,20.15,2415,3
53,2015-06-01 12:09:48.803792,2015-06-01 12:09:25.711551,2015-06-01 13:05:45.682722,17.07,300,3
54,2015-06-01 12:10:18.650258,2015-06-01 12:09:56.765106,2015-06-01 12:28:22.232386,17.45,74,2
55,2015-06-01 12:10:34.300607,2015-06-01 12:10:15.489589,2015-06-01 12:47:39.211885,31.75,1479,3
56,2015-06-01 12:13:20.562818,2015-06-01 12:12:33.992295,2015-06-01 12:19:24.406915,15.8,1947,4
57,2015-06-01 12:13:09.209375,2015-06-01 12:12:43.658993,2015-06-01 12:13:59.719748,37.9,2104,5
58,2015-06-01 12:13:17.914155,2015-06-01 12:12:49.422576,2015-06-01 13:17:40.757833,10.4,46,2
59,2015-06-01 12:51:57.820461,2015-06-01 12:14:20.251123,2015-06-01 12:54:11.917930,21.4,870,2
60,2015-06-01 12:18:56.286890,2015-06-01 12:17:23.241507,2015-06-01 12:35:48.599122,16.5,305,4
61,2015-06-01 12:18:10.010331,2015-06-01 12:17:40.616619,2015-06-01 12:30:21.395386,18.3,1136,2
62,2015-06-01 12:20:33.912481,2015-06-01 12:20:07.472181,2015-06-01 12:40:14.260719,37.05,1046,6
63,2015-06-01 12:22:49.777605,2015-06-01 12:22:30.677106,2015-06-01 12:42:56.160684,16.5,409,2
64,2015-06-01 12:24:52.439690,2015-06-01 12:24:04.947907,2015-06-01 12:26:03.530600,16.25,1434,4
65,2015-06-01 12:24:37.328479,2015-06-01 12:24:16.169805,2015-06-01 13:08:38.778800,47.8,1319,4
66,2015-06-01 12:25:03.468001,2015-06-01 12:24:29.981774,2015-06-01 12:41:44.937991,17.95,30,3
67,2015-06-01 12:28:23.222647,2015-06-01 12:27:39.689883,2015-06-01 12:36:06.401056,80.4,1329,15
68,2015-06-01 12:28:21.869612,2015-06-01 12:28:12.615363,2015-06-01 12:35:52.963116,15.5,1161,3
69,2015-06-01 12:29:56.970989,2015-06-01 12:29:32.329014,2015-06-01 12:39:07.107901,21.5,735,4
70,2015-06-01 12:35:57.483999,2015-06-01 12:35:26.757454,2015-06-01 12:47:20.958301,15.5,2767,3
71,2015-06-01 12:36:32.293414,2015-06-01 12:36:00.373549,2015-06-01 12:45:22.009954,25.7,408,6
72,2015-06-01 12:36:44.217866,2015-06-01 12:36:24.808236,2015-06-01 13:03:47.639052,12.75,169,5
73,2015-06-01 12:37:19.449400,2015-06-01 12:36:50.361272,2015-06-01 12:50:49.535191,16.5,2431,5
74,2015-06-01 12:39:29.739949,2015-06-01 12:38:48.861259,2015-06-01 12:53:54.852791,18.8,405,4
75,2015-06-01 12:41:10.945579,2015-06-01 12:40:16.669415,2015-06-01 12:43:14.045260,15.0,1825,2
76,2015-06-01 13:04:00.774498,2015-06-01 12:41:00.851994,2015-06-01 19:53:24.281560,16.1,12,2
77,2015-06-01 12:43:52.023488,2015-06-01 12:43:17.022402,2015-06-01 13:27:00.486235,30.7,406,7
78,2015-06-01 12:43:43.174280,2015-06-01 12:43:24.355337,2015-06-01 13:21:57.704051,16.95,915,5
79,2015-06-01 12:45:35.253532,2015-06-01 12:43:30.438887,2015-06-01 12:58:16.663585,16.15,1118,3
80,2015-06-01 12:45:03.452039,2015-06-01 12:44:34.664554,2015-06-01 13:06:06.818501,21.45,2324,2
81,2015-06-01 12:45:19.472094,2015-06-01 12:44:58.635404,2015-06-01 12:51:01.796569,15.0,1274,3
82,2015-06-01 12:46:27.672669,2015-06-01 12:45:24.195317,2015-06-02 13:00:06.900570,220.25,129,16
83,2015-06-01 12:46:51.946414,2015-06-01 12:46:27.453395,2015-06-01 12:58:25.990740,17.1,408,6
84,2015-06-01 12:47:23.980944,2015-06-01 12:46:31.517220,2015-06-01 12:49:33.988763,23.15,411,3
85,2015-06-01 12:50:08.580146,2015-06-01 12:49:42.958976,2015-06-01 12:59:58.162434,29.9,812,3
86,2015-06-01 12:57:46.997537,2015-06-01 12:50:05.715963,2015-06-01 13:09:57.392437,28.7,2309,5
87,2015-06-01 12:51:52.666274,2015-06-01 12:51:35.045690,2015-06-01 13:12:44.905791,46.55,143,6
88,2015-06-01 12:53:41.618419,2015-06-01 12:52:55.508768,2015-06-01 13:18:36.169168,15.45,148,2
89,2015-06-01 12:56:34.954240,2015-06-01 12:56:01.230878,2015-06-01 13:03:14.170374,15.0,1872,3
90,2015-06-01 12:56:44.385397,2015-06-01 12:56:19.605787,2015-06-01 13:27:43.367429,15.45,243,2
91,2015-06-01 12:56:49.006077,2015-06-01 12:56:20.823632,2015-06-01 13:13:09.925808,19.9,1939,3
92,2015-06-01 12:57:51.528381,2015-06-01 12:56:32.194856,2015-06-01 13:02:32.078655,21.64,300,6
93,2015-06-01 12:57:46.119681,2015-06-01 12:57:17.711694,2015-06-01 13:02:03.831409,24.0,1274,5
94,2015-06-01 12:58:10.515065,2015-06-01 12:57:28.582230,2015-06-01 13:34:11.531629,17.07,501,3
95,2015-06-01 12:58:00.990458,2015-06-01 12:57:45.592906,2015-06-01 13:04:16.058131,16.55,2049,4
96,2015-06-01 12:59:48.733116,2015-06-01 12:59:10.999348,2015-06-01 13:10:51.471958,17.26,300,4
97,2015-06-01 13:02:17.947280,2015-06-01 12:59:24.215599,2015-06-01 13:05:19.032524,17.3,1152,2
98,2015-06-01 13:00:28.151686,2015-06-01 13:00:13.220098,2015-06-01 13:08:38.023578,15.5,305,4
99,2015-06-01 13:01:19.008011,2015-06-01 13:00:55.148717,2015-06-01 13:25:28.939938,32.4,1037,6
100,2015-06-01 13:02:23.597868,2015-06-01 13:01:19.200744,2015-06-01 13:58:10.939221,26.0,1383,4
101,2015-06-01 13:03:00.459172,2015-06-01 13:02:46.441120,2015-06-01 13:07:45.447071,15.1,2049,3
102,2015-06-01 13:04:16.033545,2015-06-01 13:03:52.016599,2015-06-01 14:02:37.653871,22.0,349,3
103,2015-06-01 13:04:34.735604,2015-06-01 13:04:05.121851,2015-06-01 13:13:40.322758,20.4,870,1
104,2015-06-01 13:04:46.972304,2015-06-01 13:04:19.581749,2015-06-01 13:31:00.854466,15.4,172,3
105,2015-06-01 13:04:50.826367,2015-06-01 13:04:29.315745,2015-06-01 13:13:14.079784,18.2,467,2
106,2015-06-01 13:05:10.932682,2015-06-01 13:04:59.042178,2015-06-01 13:13:40.939689,13.6,870,1
107,2015-06-01 13:07:50.663857,2015-06-01 13:06:16.324974,2015-06-01 13:12:40.365221,22.0,1152,4
108,2015-06-01 13:07:56.271868,2015-06-01 13:06:51.993060,2015-06-01 13:49:41.643111,16.0,2431,5
109,2015-06-01 13:09:55.497196,2015-06-01 13:09:38.907223,2015-06-01 13:36:21.271502,24.0,1721,3
110,2015-06-01 14:06:51.805137,2015-06-01 13:12:32.756722,2015-06-01 14:06:51.805137,22.0,545,3
111,2015-06-01 13:14:55.229685,2015-06-01 13:14:21.979618,2015-06-01 13:32:33.290862,22.5,570,3
112,2015-06-01 13:17:48.171098,2015-06-01 13:17:07.582126,2015-06-01 13:24:20.822909,18.2,1152,4
113,2015-06-01 13:18:24.597285,2015-06-01 13:18:06.805288,2015-06-01 13:29:01.590679,17.2,1231,3
114,2015-06-01 13:19:03.824028,2015-06-01 13:18:40.649289,2015-06-01 13:50:16.063986,19.35,568,4
115,2015-06-01 13:21:50.960361,2015-06-01 13:21:11.142704,2015-06-01 13:43:11.898975,15.1,750,2
116,2015-06-01 13:30:00.674980,2015-06-01 13:21:22.544049,2015-06-01 13:59:57.368910,17.8,2082,5
117,2015-06-01 13:23:12.857888,2015-06-01 13:22:47.247303,2015-06-01 13:39:18.362454,12.5,1078,2
118,2015-06-01 13:27:11.854695,2015-06-01 13:26:32.086162,2015-06-01 13:40:24.063075,31.0,537,3
119,2015-06-01 13:27:43.984243,2015-06-01 13:27:26.591746,2015-06-01 14:10:03.057003,52.3,490,5
120,2015-06-01 13:28:30.804806,2015-06-01 13:28:14.245757,2015-06-01 13:38:00.926334,16.85,408,4
121,2015-06-01 13:30:24.266393,2015-06-01 13:30:03.286085,2015-06-01 13:40:34.927302,17.65,484,3
122,2015-06-01 13:30:25.924664,2015-06-01 13:30:05.130288,2015-06-01 13:44:38.286835,44.7,365,4
123,2015-06-01 13:30:44.911032,2015-06-01 13:30:25.643013,2015-06-01 14:06:00.928195,18.5,1748,2
124,2015-06-01 13:34:42.077126,2015-06-01 13:34:05.688141,2015-06-01 13:57:22.458819,44.5,2790,6
125,2015-06-01 13:35:12.498513,2015-06-01 13:34:41.284340,2015-06-01 13:41:40.423902,20.0,2446,2
126,2015-06-01 13:35:07.262218,2015-06-01 13:34:46.016603,2015-06-01 13:44:01.530875,15.0,558,2
127,2015-06-01 13:36:46.145249,2015-06-01 13:36:16.624440,2015-06-01 13:49:17.760647,22.45,2783,2
128,2015-06-01 13:37:46.085318,2015-06-01 13:36:53.242141,2015-06-01 14:01:42.059769,16.95,2128,5
129,2015-06-01 13:37:48.787597,2015-06-01 13:37:12.669374,2015-06-01 13:40:45.401902,15.0,126,3
130,2015-06-01 13:38:29.895110,2015-06-01 13:38:14.025059,2015-06-01 13:59:14.095557,29.9,2716,3
131,2015-06-01 13:39:07.030114,2015-06-01 13:38:30.581055,2015-06-01 14:04:35.967702,20.3,1217,5
132,2015-06-01 13:40:53.866182,2015-06-01 13:40:41.927283,2015-06-01 13:56:19.399521,20.3,1173,3
133,2015-06-01 13:42:24.863337,2015-06-01 13:41:42.856154,2015-06-01 13:56:25.700649,33.5,955,6
134,2015-06-01 13:42:58.483581,2015-06-01 13:42:00.639173,2015-06-01 14:08:30.574263,18.0,2132,4
135,2015-06-01 13:42:57.058825,2015-06-01 13:42:39.887854,2015-06-01 14:11:46.721657,30.6,1264,5
136,2015-06-01 13:43:33.096064,2015-06-01 13:43:13.987625,2015-06-01 13:51:56.596575,15.5,2767,3
137,2015-06-01 13:44:41.786835,2015-06-01 13:44:21.183639,2015-06-01 13:54:40.680632,15.3,23,3
138,2015-06-01 13:44:41.351027,2015-06-01 13:44:21.574675,2015-06-01 14:05:40.705763,57.5,2790,2
139,2015-06-01 13:45:19.671700,2015-06-01 13:44:36.518228,2015-06-01 14:03:25.363103,17.1,489,3
140,2015-06-01 13:46:19.564553,2015-06-01 13:45:51.960236,2015-06-01 13:59:41.212716,15.05,2485,2
141,2015-06-01 13:47:52.168213,2015-06-01 13:47:16.859392,2015-06-01 13:55:10.907573,24.4,1199,3
142,2015-06-01 13:47:49.230161,2015-06-01 13:47:27.111906,2015-06-01 13:59:14.956433,21.75,770,5
143,2015-06-01 13:49:53.507092,2015-06-01 13:49:08.125480,2015-06-01 14:04:05.125312,24.9,2795,2
144,2015-06-01 13:50:15.406415,2015-06-01 13:49:47.881635,2015-06-01 13:57:38.459681,17.9,431,2
145,2015-06-01 13:50:12.266081,2015-06-01 13:49:59.308864,2015-06-01 13:56:59.403618,25.45,474,2
146,2015-06-01 13:52:08.413276,2015-06-01 13:51:38.354993,2015-06-01 13:59:40.572245,17.9,170,2
147,2015-06-01 13:55:25.523264,2015-06-01 13:54:40.784392,2015-06-01 14:19:50.559205,15.5,2504,3
148,2015-06-01 13:55:48.219544,2015-06-01 13:55:08.918240,2015-06-01 14:49:29.368686,22.2,408,7
149,2015-06-01 13:56:32.603896,2015-06-01 13:56:07.938817,2015-06-01 14:12:02.559293,15.85,237,4
150,2015-06-01 13:59:11.587285,2015-06-01 13:58:31.274052,2015-06-01 14:16:16.310702,17.5,1486,7
151,2015-06-01 13:59:06.033589,2015-06-01 13:58:44.545930,2015-06-01 14:11:26.410194,9.95,408,4
152,2015-06-01 13:59:38.284363,2015-06-01 13:59:22.163202,2015-06-01 14:08:26.593106,30.6,2271,3
153,2015-06-01 14:02:08.170141,2015-06-01 14:00:53.816548,2015-06-01 14:16:10.970046,16.0,1486,8
154,2015-06-01 14:01:46.486185,2015-06-01 14:01:11.251470,2015-06-01 14:08:49.476591,12.75,2179,2
155,2015-06-01 14:02:38.037852,2015-06-01 14:01:51.252276,2015-06-01 14:11:32.089619,21.0,2112,3
156,2015-06-01 14:02:29.739241,2015-06-01 14:02:01.916425,2015-06-01 14:11:13.567543,21.4,1936,2
157,2015-06-01 14:06:11.016155,2015-06-01 14:05:42.261853,2015-06-01 14:11:02.651153,15.0,2767,4
158,2015-06-01 14:08:02.045360,2015-06-01 14:07:43.197378,2015-06-01 14:17:27.089089,22.5,923,3
159,2015-06-01 14:08:22.331446,2015-06-01 14:07:50.161533,2015-06-01 14:30:59.102183,33.1,2285,5
160,2015-06-01 14:08:39.145170,2015-06-01 14:08:23.676182,2015-06-01 14:30:23.870329,19.55,408,8
161,2015-06-01 14:09:14.033253,2015-06-01 14:08:48.164993,2015-06-01 14:23:10.025342,18.0,2603,4
162,2015-06-01 14:09:53.300463,2015-06-01 14:09:28.863229,2015-06-01 14:33:18.869415,36.74,137,6
163,2015-06-01 14:13:33.824327,2015-06-01 14:13:19.969042,2015-06-01 14:18:21.886416,10.95,2112,1
164,2015-06-01 14:13:54.052816,2015-06-01 14:13:24.885314,2015-06-01 14:16:42.782615,16.0,545,3
165,2015-06-01 14:15:38.654095,2015-06-01 14:15:13.410289,2015-06-01 14:23:05.506767,18.6,312,2
166,2015-06-01 14:18:01.253469,2015-06-01 14:17:36.720889,2015-06-01 14:22:13.882546,16.7,431,5
167,2015-06-01 14:21:23.948600,2015-06-01 14:20:58.722784,2015-06-01 14:31:23.911497,18.5,420,2
168,2015-06-01 14:27:27.011136,2015-06-01 14:27:05.370163,2015-06-01 14:43:27.553488,35.2,521,8
169,2015-06-01 14:35:09.893956,2015-06-01 14:29:06.159785,2015-06-01 14:48:40.786761,17.5,2759,4
170,2015-06-01 14:30:40.631793,2015-06-01 14:30:15.087479,2015-06-01 14:41:36.963291,26.15,365,3
171,2015-06-01 14:34:25.652606,2015-06-01 14:33:49.078848,2015-06-01 14:56:48.941408,32.2,820,5
172,2015-06-01 14:35:40.359640,2015-06-01 14:35:05.427274,2015-06-01 14:38:11.445023,15.6,1329,4
173,2015-06-01 14:36:16.576758,2015-06-01 14:35:38.712479,2015-06-01 14:44:19.528750,99.6,20,3
174,2015-06-01 14:39:56.484771,2015-06-01 14:39:19.832071,2015-06-01 15:13:10.826285,16.5,1285,4
175,2015-06-01 14:41:47.232861,2015-06-01 14:41:09.249579,2015-06-01 14:55:23.297268,21.0,2799,3
176,2015-06-01 14:42:02.681939,2015-06-01 14:41:26.300552,2015-06-01 14:55:52.184249,19.0,1939,2
177,2015-06-01 14:44:16.659636,2015-06-01 14:43:06.456726,2015-06-01 15:05:27.853635,16.05,2795,3
178,2015-06-01 14:46:44.694020,2015-06-01 14:46:22.137469,2015-06-01 14:50:10.464380,16.75,578,4
179,2015-06-01 14:51:22.974033,2015-06-01 14:50:52.194195,2015-06-01 15:12:01.044512,15.7,143,4
180,2015-06-01 14:51:30.549070,2015-06-01 14:51:01.862703,2015-06-01 14:57:58.616056,16.5,827,5
181,2015-06-01 14:51:38.067697,2015-06-01 14:51:13.225024,2015-06-01 15:02:00.453557,24.25,205,4
182,2015-06-01 14:55:22.728787,2015-06-01 14:54:39.499879,2015-06-01 15:07:32.005484,24.55,411,3
183,2015-06-01 14:59:13.836664,2015-06-01 14:57:10.610875,2015-06-01 15:06:41.822584,16.6,408,9
184,2015-06-01 14:57:54.143584,2015-06-01 14:57:32.890243,2015-06-01 15:13:35.015926,24.4,2214,3
185,2015-06-01 14:59:00.828346,2015-06-01 14:58:27.642465,2015-06-01 15:18:12.449877,29.1,467,6
186,2015-06-01 14:59:20.379788,2015-06-01 14:58:35.260351,2015-06-01 15:04:33.641051,15.5,2367,2
187,2015-06-01 15:00:54.195123,2015-06-01 15:00:35.490858,2015-06-01 15:19:06.362250,16.75,67,3
188,2015-06-01 15:00:59.680787,2015-06-01 15:00:35.905931,2015-06-01 15:12:32.865884,22.9,1191,4
189,2015-06-01 15:01:40.456268,2015-06-01 15:00:54.688496,2015-06-01 15:28:05.874199,18.7,1522,2
190,2015-06-01 15:04:29.827534,2015-06-01 15:04:02.064804,2015-06-01 15:19:59.042279,37.7,463,6
191,2015-06-01 15:05:46.260570,2015-06-01 15:05:01.816424,2015-06-01 15:19:02.302666,13.5,1805,1
192,2015-06-01 15:08:59.501402,2015-06-01 15:08:09.319051,2015-06-01 15:27:09.706185,17.05,1617,3
193,2015-06-01 15:10:27.263999,2015-06-01 15:10:13.147907,2015-06-01 15:20:15.576526,17.0,16,1
194,2015-06-01 15:12:05.637044,2015-06-01 15:11:33.784841,2015-06-01 15:15:03.634743,28.5,136,5
195,2015-06-01 15:14:43.854500,2015-06-01 15:14:22.743801,2015-06-01 15:30:46.248945,43.15,604,8
196,2015-06-01 15:20:28.508812,2015-06-01 15:19:59.368623,2015-06-01 15:35:40.413910,19.8,1100,1
197,2015-06-01 15:21:11.665020,2015-06-01 15:20:52.405611,2015-06-01 15:23:53.243919,22.7,1329,2
198,2015-06-01 15:22:06.858648,2015-06-01 15:21:36.702193,2015-06-01 15:38:02.389366,17.05,463,4
199,2015-06-01 15:24:06.165276,2015-06-01 15:23:43.925586,2015-06-01 15:37:42.417618,21.9,2790,3
200,2015-06-01 15:25:14.978399,2015-06-01 15:24:43.925075,2015-06-01 16:02:15.802260,74.75,2326,7
201,2015-06-01 15:29:58.528952,2015-06-01 15:25:58.406641,2015-06-01 15:45:33.925783,17.7,2452,3
202,2015-06-01 15:51:02.173061,2015-06-01 15:31:22.752876,2015-06-01 16:14:28.423700,53.0,1754,4
203,2015-06-01 15:32:20.646019,2015-06-01 15:31:51.292798,2015-06-01 15:38:49.417641,20.35,408,9
204,2015-06-01 15:32:38.136857,2015-06-01 15:31:59.787816,2015-06-01 17:37:57.926772,269.35,511,18
205,2015-06-01 15:35:54.693860,2015-06-01 15:35:04.464122,2015-06-01 15:56:48.748864,17.0,305,3
206,2015-06-01 15:37:25.829053,2015-06-01 15:37:09.809081,2015-06-01 16:07:51.153340,18.4,33,5
207,2015-06-01 15:38:27.587152,2015-06-01 15:37:56.240842,2015-06-01 15:46:32.152161,15.0,1253,2
208,2015-06-01 15:38:16.227494,2015-06-01 15:38:00.747531,2015-06-01 15:51:41.896860,19.9,2309,2
209,2015-06-01 15:41:34.643472,2015-06-01 15:39:48.328706,2015-06-01 15:58:14.678395,30.0,2717,4
210,2015-06-01 16:06:59.368506,2015-06-01 15:44:03.133692,2015-06-01 16:32:40.413418,44.2,2165,4
211,2015-06-01 15:46:31.195239,2015-06-01 15:45:50.225434,2015-06-01 15:51:56.451596,16.8,2451,3
212,2015-06-01 15:48:10.959098,2015-06-01 15:47:07.798804,2015-06-01 15:54:08.812088,17.25,1023,2
213,2015-06-01 15:48:22.588042,2015-06-01 15:47:33.763642,2015-06-01 16:08:19.813729,15.65,2660,4
214,2015-06-01 15:53:43.086393,2015-06-01 15:53:21.697863,2015-06-01 16:04:30.279009,15.0,2762,4
215,2015-06-01 15:54:58.789072,2015-06-01 15:54:21.981851,2015-06-01 15:56:57.649474,15.1,1519,2
216,2015-06-01 15:58:33.028700,2015-06-01 15:58:22.588550,2015-06-01 16:14:53.280489,16.9,1617,2
217,2015-06-01 16:00:53.426721,2015-06-01 16:00:13.819519,2015-06-01 16:17:02.894932,16.4,2011,2
218,2015-06-01 16:02:12.799137,2015-06-01 16:01:46.673271,2015-06-01 16:33:13.589882,10.0,2431,3
219,2015-06-01 16:02:49.508914,2015-06-01 16:02:12.983742,2015-06-01 16:06:41.224491,23.7,1304,14
220,2015-06-01 16:03:27.492118,2015-06-01 16:02:21.970589,2015-06-01 16:15:56.574548,17.5,2197,3
221,2015-06-01 16:03:02.286535,2015-06-01 16:02:24.939923,2015-06-01 16:18:51.397755,24.65,2598,3
222,2015-06-01 16:03:44.398129,2015-06-01 16:03:33.529728,2015-06-01 16:20:12.378664,17.5,2197,3
223,2015-06-01 16:08:08.456702,2015-06-01 16:07:50.796532,2015-06-01 16:26:56.871810,18.05,57,3
224,2015-06-01 16:09:08.457652,2015-06-01 16:08:28.553472,2015-06-01 16:17:12.797862,20.0,2253,2
225,2015-06-01 16:09:50.930947,2015-06-01 16:09:23.197512,2015-06-01 16:30:17.614015,21.95,1161,4
226,2015-06-01 16:11:42.055909,2015-06-01 16:11:02.407506,2015-06-01 17:33:00.329556,22.0,489,5
227,2015-06-01 16:11:48.004113,2015-06-01 16:11:32.960394,2015-06-01 16:12:34.690212,17.7,675,4
228,2015-06-01 16:18:46.838362,2015-06-01 16:12:27.262287,2015-06-01 16:34:35.555520,67.6,2014,6
229,2015-06-01 16:16:51.665659,2015-06-01 16:16:06.336388,2015-06-01 16:29:36.806164,49.5,2136,6
230,2015-06-01 16:16:49.872029,2015-06-01 16:16:28.370213,2015-06-01 16:24:32.834217,17.0,805,1
231,2015-06-01 16:17:40.019822,2015-06-01 16:17:20.702028,2015-06-01 16:25:12.517305,21.8,1087,3
232,2015-06-01 16:17:57.139517,2015-06-01 16:17:32.613834,2015-06-01 16:33:03.043796,18.0,2558,4
233,2015-06-01 16:18:26.690886,2015-06-01 16:17:47.446840,2015-06-01 16:52:24.508165,28.3,1100,2
234,2015-06-01 16:18:17.325597,2015-06-01 16:17:48.784425,2015-06-01 16:38:28.896421,16.7,958,3
235,2015-06-01 16:18:32.703071,2015-06-01 16:18:17.047734,2015-06-01 16:26:33.715069,11.0,69,2
236,2015-06-01 16:20:13.349746,2015-06-01 16:18:55.066167,2015-06-01 18:03:48.111651,23.5,1390,4
237,2015-06-01 16:19:52.076826,2015-06-01 16:18:56.542047,2015-06-01 16:49:06.770750,22.2,2250,4
238,2015-06-01 16:20:13.639029,2015-06-01 16:19:58.553156,2015-06-01 16:36:01.747007,20.6,1391,4
239,2015-06-01 16:24:44.916708,2015-06-01 16:24:33.147255,2015-06-01 16:32:35.470155,19.5,1484,7
240,2015-06-01 16:27:38.533448,2015-06-01 16:25:54.422831,2015-06-01 17:20:01.003436,20.5,2279,3
241,2015-06-01 16:27:17.531293,2015-06-01 16:25:57.704209,2015-06-01 16:30:56.891679,29.35,2230,5
242,2015-06-01 16:27:57.661123,2015-06-01 16:27:13.202078,2015-06-01 16:40:13.881663,15.5,441,3
243,2015-06-01 16:29:48.027504,2015-06-01 16:29:28.522567,2015-06-01 16:53:18.603306,23.5,2790,3
244,2015-06-01 16:34:35.085300,2015-06-01 16:32:36.057866,2015-06-01 16:45:21.273247,15.3,1434,4
245,2015-06-01 16:34:57.685968,2015-06-01 16:34:45.528546,2015-06-01 16:51:18.299532,32.2,1445,3
246,2015-06-01 16:38:19.818505,2015-06-01 16:37:47.243456,2015-06-01 17:06:43.833069,17.5,1318,1
247,2015-06-01 16:38:41.014399,2015-06-01 16:38:06.945740,2015-06-01 16:45:00.863438,17.6,408,6
248,2015-06-01 16:41:08.578671,2015-06-01 16:40:51.208936,2015-06-01 16:52:57.408584,17.0,2146,2
249,2015-06-01 16:42:18.175959,2015-06-01 16:41:50.550981,2015-06-01 17:03:52.750805,32.8,411,3
250,2015-06-01 16:43:15.945829,2015-06-01 16:42:46.607826,2015-06-01 16:52:10.018324,32.7,395,3
251,2015-06-01 17:43:58.980634,2015-06-01 16:42:49.319061,2015-06-02 12:25:27.049755,10.95,1319,1
252,2015-06-01 16:46:39.374610,2015-06-01 16:46:23.059065,2015-06-01 17:10:36.795681,25.0,2276,3
253,2015-06-01 16:48:08.512244,2015-06-01 16:47:38.475018,2015-06-01 17:11:14.322283,27.8,2313,2
254,2015-06-01 16:50:35.483523,2015-06-01 16:50:24.870359,2015-06-01 16:57:15.518102,21.9,2598,3
255,2015-06-01 16:53:41.364702,2015-06-01 16:53:26.198880,2015-06-01 16:54:51.841988,9.8,1152,1
256,2015-06-01 16:54:36.203976,2015-06-01 16:54:13.000759,2015-06-01 17:14:53.698220,27.8,485,8
257,2015-06-01 16:57:48.796597,2015-06-01 16:55:08.129141,2015-06-01 17:17:48.211837,15.28,1644,4
258,2015-06-01 16:57:48.192341,2015-06-01 16:57:04.327693,2015-06-01 17:28:53.376929,18.4,2574,4
259,2015-06-01 16:57:51.419283,2015-06-01 16:57:34.936276,2015-06-01 17:12:41.076651,11.0,2729,2
260,2015-06-01 16:59:42.859088,2015-06-01 16:59:23.623695,2015-06-01 17:16:24.697072,29.0,136,5
261,2015-06-01 17:01:35.013873,2015-06-01 17:01:01.161294,2015-06-01 17:27:23.817158,22.5,2214,4
262,2015-06-01 17:02:20.750822,2015-06-01 17:02:00.070709,2015-06-01 17:06:30.105621,11.85,566,3
263,2015-06-01 17:03:17.370572,2015-06-01 17:02:33.964832,2015-06-01 17:36:40.011793,19.5,1716,2
264,2015-06-01 17:04:54.630973,2015-06-01 17:04:33.199125,2015-06-01 17:15:39.061522,11.25,859,2
265,2015-06-01 17:07:57.722298,2015-06-01 17:07:25.496622,2015-06-01 19:04:13.230241,19.7,1936,3
266,2015-06-01 17:10:13.672814,2015-06-01 17:10:03.273244,2015-06-01 17:15:21.703015,20.5,490,3
267,2015-06-01 17:11:43.467062,2015-06-01 17:10:28.979921,2015-06-01 17:24:48.345066,15.5,2250,4
268,2015-06-01 17:11:44.101613,2015-06-01 17:11:23.105077,2015-06-01 17:17:16.707672,18.47,2188,3
269,2015-06-01 17:12:41.150713,2015-06-01 17:12:20.025120,2015-06-01 17:29:30.229332,18.65,1417,2
270,2015-06-01 17:14:04.047632,2015-06-01 17:13:29.824939,2015-06-01 17:17:21.271228,14.8,2021,2
271,2015-06-01 17:18:55.187520,2015-06-01 17:18:26.889156,2015-06-01 17:32:00.249849,25.3,153,6
272,2015-06-01 17:19:05.955813,2015-06-01 17:18:38.947666,2015-06-01 17:35:16.525889,15.0,2746,2
273,2015-06-01 17:20:00.220833,2015-06-01 17:19:28.128328,2015-06-01 17:27:53.891959,22.95,365,4
274,2015-06-01 17:22:02.949034,2015-06-01 17:20:13.661308,2015-06-01 17:42:40.599740,44.0,1573,6
275,2015-06-01 17:22:18.488133,2015-06-01 17:21:50.783526,2015-06-01 17:47:08.729383,15.95,917,1
276,2015-06-01 17:24:08.756369,2015-06-01 17:23:32.947782,2015-06-01 17:49:33.170872,30.2,1573,5
277,2015-06-01 17:25:40.852057,2015-06-01 17:25:12.875863,2015-06-01 18:19:41.968115,37.3,2108,5
278,2015-06-01 17:26:53.203518,2015-06-01 17:26:25.698442,2015-06-01 17:39:02.526362,36.6,280,6
279,2015-06-01 18:17:40.661704,2015-06-01 17:27:21.241091,2015-06-01 18:39:29.372342,18.9,1722,3
280,2015-06-01 17:28:04.207317,2015-06-01 17:27:31.532442,2015-06-01 17:45:36.081009,22.2,1939,4
281,2015-06-01 17:28:34.156152,2015-06-01 17:28:07.583043,2015-06-01 17:51:39.815122,42.0,1350,3
282,2015-06-01 17:30:12.239889,2015-06-01 17:29:41.736828,2015-06-01 17:53:22.303805,28.25,2250,4
283,2015-06-01 17:31:37.323162,2015-06-01 17:30:57.245685,2015-06-01 17:43:02.624644,15.5,2082,2
284,2015-06-01 17:32:30.109592,2015-06-01 17:32:06.541324,2015-06-01 18:44:08.443509,16.8,2126,4
285,2015-06-01 17:33:49.991401,2015-06-01 17:33:13.990765,2015-06-01 17:46:48.605479,20.1,1136,4
286,2015-06-01 17:36:15.832880,2015-06-01 17:35:54.276631,2015-06-01 17:51:52.798900,20.1,1617,3
287,2015-06-01 17:37:09.437516,2015-06-01 17:36:47.873355,2015-06-01 18:38:30.196613,21.5,2279,2
288,2015-06-01 17:37:32.676616,2015-06-01 17:37:03.523885,2015-06-01 17:42:09.873586,15.0,1390,3
289,2015-06-01 17:44:09.178854,2015-06-01 17:38:41.623464,2015-06-01 18:32:56.375099,23.35,1319,4
290,2015-06-01 17:40:00.891747,2015-06-01 17:39:42.493750,2015-06-01 17:50:15.131799,29.4,2196,4
291,2015-06-01 17:40:13.457076,2015-06-01 17:39:50.750928,2015-06-01 17:40:18.718774,17.0,780,2
292,2015-06-01 17:42:19.432278,2015-06-01 17:41:40.061507,2015-06-01 17:49:42.490944,15.5,596,4
293,2015-06-01 17:43:37.255738,2015-06-01 17:43:14.861007,2015-06-01 17:48:44.285751,16.8,2271,2
294,2015-06-01 17:45:45.355114,2015-06-01 17:45:06.378381,2015-06-01 17:47:21.706720,27.05,2126,5
295,2015-06-01 17:45:43.649368,2015-06-01 17:45:17.269387,2015-06-01 17:51:16.778861,15.4,1162,2
296,2015-06-01 17:47:04.547255,2015-06-01 17:46:30.149196,2015-06-01 18:02:36.793183,74.45,2790,13
297,2015-06-01 18:15:25.557338,2015-06-01 17:46:58.311685,2015-06-01 18:46:28.016961,16.8,1307,4
298,2015-06-01 17:49:14.613623,2015-06-01 17:48:15.986855,2015-06-01 18:12:09.045266,30.35,2452,3
299,2015-06-01 17:51:59.008591,2015-06-01 17:49:58.163220,2015-06-01 17:52:14.400188,85.95,2126,11
300,2015-06-01 17:51:44.004518,2015-06-01 17:50:47.201965,2015-06-01 17:59:50.327766,16.9,936,4
301,2015-06-01 17:51:39.101544,2015-06-01 17:51:10.545764,2015-06-01 17:56:13.969337,39.5,136,3
302,2015-06-01 17:51:58.642575,2015-06-01 17:51:29.159106,2015-06-01 18:05:23.149536,21.5,2246,3
303,2015-06-01 17:52:09.127722,2015-06-01 17:51:51.821334,2015-06-01 18:09:41.695841,17.85,343,3
304,2015-06-01 17:59:05.391687,2015-06-01 17:52:56.720890,2015-06-01 18:25:24.304968,20.6,874,4
305,2015-06-01 17:53:24.823259,2015-06-01 17:52:57.785487,2015-06-01 18:08:19.716347,88.0,879,6
306,2015-06-01 17:53:47.037900,2015-06-01 17:53:09.495129,2015-06-01 18:05:34.421912,15.0,1274,2
307,2015-06-01 17:53:58.747299,2015-06-01 17:53:13.020488,2015-06-01 18:02:11.991816,15.8,2126,4
308,2015-06-01 17:54:11.978592,2015-06-01 17:53:59.402315,2015-06-01 17:59:15.432100,18.55,1162,4
309,2015-06-01 17:54:35.047666,2015-06-01 17:54:18.795060,2015-06-01 18:12:10.748301,26.0,661,4
310,2015-06-01 17:55:27.722022,2015-06-01 17:54:39.183663,2015-06-01 20:29:10.039760,26.0,1757,2
311,2015-06-01 17:55:22.149407,2015-06-01 17:54:39.510313,2015-06-01 18:06:27.596993,15.2,421,2
312,2015-06-01 17:55:33.433428,2015-06-01 17:55:00.749746,2015-06-01 18:07:20.586239,23.4,1519,5
313,2015-06-01 17:56:03.309295,2015-06-01 17:55:52.410240,2015-06-01 18:03:29.479644,18.5,97,3
314,2015-06-01 17:58:26.609580,2015-06-01 17:57:58.142285,2015-06-01 18:21:26.775311,15.25,136,3
315,2015-06-01 18:00:57.873227,2015-06-01 18:00:22.353413,2015-06-01 19:07:52.771417,24.4,965,3
316,2015-06-01 18:00:47.310425,2015-06-01 18:00:25.858811,2015-06-01 18:27:19.935743,16.35,408,7
317,2015-06-01 18:01:29.701214,2015-06-01 18:00:36.760733,2015-06-01 18:05:35.736012,28.0,2523,3
318,2015-06-01 18:01:08.122585,2015-06-01 18:00:48.198448,2015-06-01 18:09:12.910604,28.6,97,5
319,2015-06-01 18:01:57.298499,2015-06-01 18:01:25.400203,2015-06-01 18:16:33.151023,36.75,2276,5
320,2015-06-01 18:02:09.586431,2015-06-01 18:01:36.732555,2015-06-01 18:16:55.673592,17.2,2742,7
321,2015-06-01 18:02:20.925669,2015-06-01 18:01:56.524583,2015-06-01 18:13:42.033485,20.8,312,2
322,2015-06-01 18:03:54.808389,2015-06-01 18:02:44.575057,2015-06-01 18:20:21.129824,25.7,280,4
323,2015-06-01 18:03:29.706354,2015-06-01 18:02:46.128147,2015-06-01 18:20:36.749761,16.8,904,2
324,2015-06-01 18:31:44.479558,2015-06-01 18:03:25.356794,2015-06-01 19:05:04.397135,24.55,380,6
325,2015-06-01 18:04:18.087648,2015-06-01 18:03:53.544484,2015-06-01 18:20:34.582147,17.5,2276,3
326,2015-06-01 18:04:14.324151,2015-06-01 18:03:55.855221,2015-06-01 18:21:28.576630,35.5,16,5
327,2015-06-01 18:04:38.046674,2015-06-01 18:04:06.465098,2015-06-01 18:19:42.782574,18.4,996,3
328,2015-06-01 18:04:47.679114,2015-06-01 18:04:22.640097,2015-06-01 20:33:05.891713,19.05,406,5
329,2015-06-01 18:05:19.267773,2015-06-01 18:04:34.785555,2015-06-01 18:32:01.367949,15.25,819,2
330,2015-06-01 18:05:09.536011,2015-06-01 18:04:49.680566,2015-06-01 18:21:00.451323,26.95,1453,4
331,2015-06-01 18:05:20.897006,2015-06-01 18:04:57.709065,2015-06-01 18:33:01.237814,25.45,1048,3
332,2015-06-01 18:06:48.931413,2015-06-01 18:06:19.482996,2015-06-01 18:22:00.604666,19.0,657,4
333,2015-06-01 18:06:39.539749,2015-06-01 18:06:20.597307,2015-06-01 18:51:51.724145,74.5,819,13
334,2015-06-01 18:06:53.985624,2015-06-01 18:06:31.407346,2015-06-01 18:20:44.898236,12.75,2276,3
335,2015-06-01 18:08:08.882573,2015-06-01 18:07:34.453881,2015-06-01 18:10:10.310906,16.5,436,3
336,2015-06-01 18:08:17.849107,2015-06-01 18:07:43.831873,2015-06-01 18:15:19.812843,37.5,1754,2
337,2015-06-01 18:08:24.025346,2015-06-01 18:08:02.122935,2015-06-01 18:36:45.572834,24.45,22,4
338,2015-06-01 18:08:38.298882,2015-06-01 18:08:12.817384,2015-06-01 18:26:17.692630,15.4,2812,3
339,2015-06-01 18:08:40.937151,2015-06-01 18:08:15.804243,2015-06-01 18:58:24.833852,19.3,1515,2
340,2015-06-01 18:09:50.934346,2015-06-01 18:09:32.599958,2015-06-01 18:24:10.394900,92.55,46,15
341,2015-06-01 18:10:34.842615,2015-06-01 18:09:43.264552,2015-06-01 18:19:33.295396,30.0,2671,7
342,2015-06-01 18:11:36.734958,2015-06-01 18:10:48.643908,2015-06-01 20:51:33.920511,20.5,12,3
343,2015-06-01 18:12:08.333043,2015-06-01 18:11:29.791440,2015-06-01 18:13:56.559525,50.0,2342,5
344,2015-06-01 18:12:26.885263,2015-06-01 18:11:54.004530,2015-06-01 18:24:26.008065,29.9,170,4
345,2015-06-01 18:12:35.162220,2015-06-01 18:12:04.312098,2015-06-01 18:36:10.747439,60.95,137,11
346,2015-06-01 18:13:26.301343,2015-06-01 18:12:21.743758,2015-06-01 18:20:08.726094,26.25,19,3
347,2015-06-01 18:15:10.552529,2015-06-01 18:13:27.364789,2015-06-01 18:30:36.878291,21.75,1773,2
348,2015-06-01 18:14:10.169826,2015-06-01 18:13:54.537197,2015-06-01 18:24:14.824886,17.9,431,2
349,2015-06-01 18:14:39.965762,2015-06-01 18:14:15.628657,2015-06-01 18:20:51.085619,15.6,441,3
350,2015-06-01 18:15:23.344602,2015-06-01 18:14:54.704622,2015-06-01 18:27:48.940969,40.9,570,7
351,2015-06-01 18:17:16.477370,2015-06-01 18:16:48.427731,2015-06-01 18:24:25.217635,16.5,365,3
352,2015-06-01 18:17:16.471004,2015-06-01 18:16:51.072994,2015-06-01 18:24:25.106402,26.0,365,4
353,2015-06-01 18:17:49.867024,2015-06-01 18:16:59.278934,2015-06-01 18:35:50.827885,28.0,2530,3
354,2015-06-01 18:19:17.964754,2015-06-01 18:17:06.682219,2015-06-01 18:40:24.162156,119.25,785,13
355,2015-06-01 18:18:09.566966,2015-06-01 18:17:51.018864,2015-06-01 18:23:44.388993,16.15,298,3
356,2015-06-01 18:20:54.652803,2015-06-01 18:19:08.600865,2015-06-01 20:49:34.732042,37.5,1245,4
357,2015-06-01 18:19:32.793295,2015-06-01 18:19:17.860500,2015-06-01 18:27:41.174732,15.85,1182,3
358,2015-06-01 18:20:13.275607,2015-06-01 18:19:55.357057,2015-06-01 18:51:19.037597,67.4,912,6
359,2015-06-01 18:21:38.127299,2015-06-01 18:20:01.499988,2015-06-01 18:29:38.856434,49.2,478,7
360,2015-06-01 18:21:11.401667,2015-06-01 18:20:12.252038,2015-06-01 19:20:08.531913,18.7,243,3
361,2015-06-01 18:22:14.932718,2015-06-01 18:21:05.531289,2015-06-01 18:38:08.226835,13.7,2124,4
362,2015-06-01 18:22:35.202827,2015-06-01 18:21:56.216753,2015-06-01 18:31:25.939062,18.5,2790,3
363,2015-06-01 18:22:44.335528,2015-06-01 18:22:02.842629,2015-06-01 18:39:26.300530,48.15,2324,5
364,2015-06-01 18:22:55.461080,2015-06-01 18:22:34.302815,2015-06-01 18:37:39.772987,16.3,750,2
365,2015-06-01 18:24:17.565588,2015-06-01 18:23:48.045896,2015-06-01 18:32:36.919617,20.0,226,1
366,2015-06-01 18:25:18.353119,2015-06-01 18:24:10.526260,2015-06-01 18:36:34.840559,18.75,1099,3
367,2015-06-01 18:24:23.692645,2015-06-01 18:24:10.992961,2015-06-01 19:25:43.849036,30.25,251,2
368,2015-06-01 18:24:57.286518,2015-06-01 18:24:28.076275,2015-06-02 18:53:19.218620,351.5,16,21
369,2015-06-01 18:26:13.655119,2015-06-01 18:26:02.570511,2015-06-01 18:45:53.522160,18.0,1515,2
370,2015-06-01 19:06:36.197060,2015-06-01 18:27:21.468259,2015-06-01 19:08:02.669088,64.9,1245,4
371,2015-06-01 18:28:44.923184,2015-06-01 18:28:07.098590,2015-06-01 18:29:35.147218,17.0,2126,3
372,2015-06-01 18:32:34.351197,2015-06-01 18:28:34.888729,2015-06-01 18:40:48.946540,15.0,1887,1
373,2015-06-01 18:29:02.056358,2015-06-01 18:28:37.623906,2015-06-01 19:13:26.151863,21.15,520,6
374,2015-06-01 18:28:59.243504,2015-06-01 18:28:39.567897,2015-06-01 18:45:15.708681,61.0,2271,5
375,2015-06-01 18:29:55.263774,2015-06-01 18:29:25.222500,2015-06-01 19:06:45.312859,16.06,300,4
376,2015-06-01 18:30:18.297888,2015-06-01 18:29:28.048847,2015-06-01 18:39:41.506078,29.0,2181,1
377,2015-06-01 18:31:57.398092,2015-06-01 18:29:47.665957,2015-06-01 18:49:24.051657,15.0,1152,2
378,2015-06-01 18:31:00.656588,2015-06-01 18:30:08.359639,2015-06-01 18:57:40.282249,100.3,2788,8
379,2015-06-01 18:30:36.521431,2015-06-01 18:30:17.124085,2015-06-01 18:49:56.353940,48.5,2598,9
380,2015-06-01 19:18:51.440220,2015-06-01 18:31:09.079417,2015-06-01 19:18:51.440220,21.9,303,1
381,2015-06-01 18:32:06.242594,2015-06-01 18:31:50.416336,2015-06-01 19:39:43.428063,43.5,719,3
382,2015-06-01 18:32:55.260581,2015-06-01 18:32:09.064111,2015-06-01 18:50:52.151896,43.25,1046,4
383,2015-06-01 18:33:00.761642,2015-06-01 18:32:21.108112,2015-06-01 18:53:21.242549,23.55,913,3
384,2015-06-01 18:32:48.731145,2015-06-01 18:32:27.212547,2015-06-01 18:55:32.108800,29.5,129,4
385,2015-06-01 18:33:11.430586,2015-06-01 18:32:44.153018,2015-06-01 18:53:02.617344,24.8,503,4
386,2015-06-01 18:34:05.616685,2015-06-01 18:33:36.510854,2015-06-01 18:37:37.285270,31.0,2136,4
387,2015-06-01 18:34:46.017697,2015-06-01 18:33:45.469013,2015-06-01 18:47:16.711415,72.25,1518,11
388,2015-06-01 18:40:41.279111,2015-06-01 18:34:40.942728,2015-06-01 18:46:44.201842,17.9,23,3
389,2015-06-01 18:35:26.373595,2015-06-01 18:35:03.098253,2015-06-01 18:42:31.757305,29.2,870,7
390,2015-06-01 18:36:26.030382,2015-06-01 18:35:58.566077,2015-06-01 18:49:23.957946,15.0,596,4
391,2015-06-01 18:36:23.112926,2015-06-01 18:36:08.959270,2015-06-01 18:50:25.549720,29.5,2790,3
392,2015-06-01 18:38:11.485628,2015-06-01 18:36:50.531522,2015-06-01 18:50:13.083129,55.5,1871,14
393,2015-06-01 18:39:56.977895,2015-06-01 18:39:30.146920,2015-06-01 19:42:39.850621,47.6,81,7
394,2015-06-01 18:40:11.740193,2015-06-01 18:39:40.193770,2015-06-01 18:51:13.190396,13.6,2105,2
395,2015-06-01 18:40:38.347182,2015-06-01 18:40:04.766630,2015-06-01 18:53:44.612567,15.4,1227,2
396,2015-06-01 18:40:51.172055,2015-06-01 18:40:18.131842,2015-06-01 18:46:04.917691,24.8,1304,12
397,2015-06-01 18:40:51.293361,2015-06-01 18:40:27.262363,2015-06-01 19:13:02.033529,16.55,408,8
398,2015-06-01 18:41:06.212792,2015-06-01 18:40:28.664221,2015-06-01 18:48:15.311901,25.1,312,3
399,2015-06-01 18:41:00.860758,2015-06-01 18:40:38.835093,2015-06-01 18:48:21.122249,9.7,312,1
400,2015-06-01 18:41:40.967317,2015-06-01 18:41:06.631540,2015-06-01 18:48:09.881089,16.75,1137,2
401,2015-06-01 18:41:37.420308,2015-06-01 18:41:23.250660,2015-06-01 19:05:28.858136,15.5,775,2
402,2015-06-01 18:44:06.834435,2015-06-01 18:41:34.840558,2015-06-01 19:35:57.652846,56.0,1482,5
403,2015-06-01 18:42:34.439523,2015-06-01 18:41:50.741482,2015-06-01 18:55:58.788204,17.9,596,4
404,2015-06-01 18:42:24.114175,2015-06-01 18:42:03.081677,2015-06-01 18:49:13.801778,28.15,669,5
405,2015-06-01 18:43:03.900403,2015-06-01 18:42:31.863614,2015-06-01 19:01:23.472200,24.35,1105,4
406,2015-06-01 18:43:58.399358,2015-06-01 18:43:17.215334,2015-06-01 19:00:54.791699,17.0,2831,4
407,2015-06-01 18:44:27.927454,2015-06-01 18:43:44.737933,2015-06-01 19:00:20.648795,19.35,405,3
408,2015-06-01 18:44:27.937987,2015-06-01 18:44:04.116326,2015-06-01 18:54:53.399960,26.0,1817,2
409,2015-06-01 18:44:56.744095,2015-06-01 18:44:18.326599,2015-06-01 18:47:16.083265,33.0,2478,3
410,2015-06-01 19:18:55.129132,2015-06-01 18:45:08.958917,2015-06-01 19:28:43.089733,60.5,16,10
411,2015-06-01 18:46:21.059636,2015-06-01 18:45:54.096596,2015-06-01 19:07:25.788703,20.15,1926,3
412,2015-06-01 18:46:42.333158,2015-06-01 18:46:12.950999,2015-06-01 18:51:51.323350,16.8,2285,4
413,2015-06-01 18:49:30.711346,2015-06-01 18:47:01.271505,2015-06-01 19:06:15.483036,53.0,1485,3
414,2015-06-01 18:47:27.289627,2015-06-01 18:47:01.888960,2015-06-01 19:03:07.998432,15.2,2308,2
415,2015-06-01 18:48:29.505392,2015-06-01 18:48:03.872935,2015-06-01 19:00:03.977527,16.1,596,3
416,2015-06-01 18:48:58.550828,2015-06-01 18:48:14.378038,2015-06-01 19:17:45.188174,26.0,879,1
417,2015-06-01 18:48:54.586844,2015-06-01 18:48:16.519329,2015-06-01 19:01:22.094048,18.9,524,6
418,2015-06-01 18:56:45.768955,2015-06-01 18:49:02.066640,2015-06-01 19:10:52.965134,16.5,1751,3
419,2015-06-01 18:49:37.695443,2015-06-01 18:49:11.803679,2015-06-01 18:49:49.020165,16.05,2126,3
420,2015-06-01 18:49:48.240245,2015-06-01 18:49:21.788047,2015-06-01 18:58:53.097948,17.1,1100,3
421,2015-06-01 18:50:41.726571,2015-06-01 18:50:12.408031,2015-06-01 19:07:45.739646,32.0,304,2
422,2015-06-01 18:50:47.527508,2015-06-01 18:50:17.257411,2015-06-01 18:56:50.266382,21.95,463,4
423,2015-06-01 18:52:37.353435,2015-06-01 18:51:30.637919,2015-06-01 19:06:20.952623,36.0,1485,5
424,2015-06-01 18:52:03.750189,2015-06-01 18:51:42.646502,2015-06-01 19:07:06.266130,47.3,2271,5
425,2015-06-01 18:52:43.250956,2015-06-01 18:52:18.255375,2015-06-01 19:16:48.167770,49.5,22,4
426,2015-06-01 18:53:00.873266,2015-06-01 18:52:35.370323,2015-06-01 19:05:13.567224,21.6,72,4
427,2015-06-01 18:53:04.849735,2015-06-01 18:52:40.849348,2015-06-01 19:04:08.835437,17.05,423,2
428,2015-06-01 18:53:11.905987,2015-06-01 18:52:46.046922,2015-06-01 19:10:52.668275,20.7,1449,2
429,2015-06-01 18:53:28.995747,2015-06-01 18:53:00.307371,2015-06-01 19:11:08.420528,43.65,942,5
430,2015-06-01 18:53:36.254985,2015-06-01 18:53:10.519736,2015-06-01 19:15:41.925420,24.5,1813,3
431,2015-06-01 18:53:45.035860,2015-06-01 18:53:12.832628,2015-06-01 19:11:26.792287,17.75,1228,3
432,2015-06-01 18:53:58.882119,2015-06-01 18:53:31.052664,2015-06-01 19:05:39.889253,15.9,775,4
433,2015-06-01 18:54:30.198408,2015-06-01 18:53:48.706383,2015-06-01 19:08:18.510756,55.25,17,9
434,2015-06-01 18:54:31.951665,2015-06-01 18:54:08.345400,2015-06-01 18:58:04.406781,7.9,566,2
435,2015-06-01 18:55:18.627658,2015-06-01 18:54:25.813203,2015-06-01 19:12:58.959745,21.0,19,2
436,2015-06-01 18:54:57.920313,2015-06-01 18:54:31.121200,2015-06-01 19:14:25.436263,24.7,162,3
437,2015-06-01 18:55:38.221024,2015-06-01 18:55:10.849725,2015-06-01 18:59:49.941545,18.7,23,4
438,2015-06-01 18:55:32.009806,2015-06-01 18:55:12.117416,2015-06-01 19:18:16.884589,17.0,81,4
439,2015-06-01 19:04:24.777804,2015-06-01 18:55:34.726384,2015-06-01 19:13:59.923067,15.2,1161,3
440,2015-06-01 18:56:03.938765,2015-06-01 18:55:39.005988,2015-06-01 19:02:18.702647,17.6,524,4
441,2015-06-01 18:56:23.426595,2015-06-01 18:55:49.168813,2015-06-01 19:16:30.189941,23.45,163,2
442,2015-06-01 18:56:12.400951,2015-06-01 18:55:55.193769,2015-06-01 19:18:27.701014,29.55,359,7
443,2015-06-01 18:56:35.248920,2015-06-01 18:56:10.495229,2015-06-01 19:20:43.553999,99.75,19,9
444,2015-06-01 18:56:25.874235,2015-06-01 18:56:15.679230,2015-06-01 19:02:09.311060,16.35,1162,3
445,2015-06-01 18:57:28.929870,2015-06-01 18:56:53.241430,2015-06-01 19:18:33.220813,41.3,267,7
446,2015-06-01 18:57:20.786710,2015-06-01 18:56:58.370379,2015-06-01 19:08:57.468877,56.8,165,8
447,2015-06-01 18:57:37.930086,2015-06-01 18:57:17.880992,2015-06-01 19:03:35.126402,21.0,2279,5
448,2015-06-01 18:58:52.950236,2015-06-01 18:58:02.508345,2015-06-01 19:17:56.680900,30.0,2575,5
449,2015-06-01 18:58:56.203281,2015-06-01 18:58:16.232071,2015-06-01 19:13:39.816949,22.5,730,3
450,2015-06-01 18:59:09.566869,2015-06-01 18:58:34.656618,2015-06-01 19:18:00.853869,43.1,1126,11
451,2015-06-01 18:59:13.607841,2015-06-01 18:58:36.629787,2015-06-01 19:25:21.975132,16.5,2236,5
452,2015-06-01 18:59:11.899855,2015-06-01 18:59:01.517253,2015-06-01 19:17:01.394626,16.4,81,3
453,2015-06-01 18:59:55.643007,2015-06-01 18:59:15.911814,2015-06-01 19:27:51.265348,22.5,1871,9
454,2015-06-01 19:00:51.130826,2015-06-01 19:00:26.366347,2015-06-01 19:15:19.281900,24.7,1314,3
455,2015-06-01 19:00:54.638559,2015-06-01 19:00:28.096490,2015-06-01 19:12:30.819962,23.7,1698,2
456,2015-06-01 19:00:51.902401,2015-06-01 19:00:33.600464,2015-06-01 19:15:36.730869,11.2,405,2
457,2015-06-01 19:03:51.099929,2015-06-01 19:01:37.201858,2015-06-01 19:24:05.271158,79.1,2181,7
458,2015-06-01 19:02:27.468664,2015-06-01 19:01:53.138060,2015-06-01 19:14:08.257104,8.1,262,4
459,2015-06-01 19:02:18.127080,2015-06-01 19:01:59.106646,2015-06-01 19:10:43.904262,15.4,16,2
460,2015-06-01 19:02:33.580822,2015-06-01 19:02:06.400707,2015-06-01 19:11:25.734154,15.5,560,2
461,2015-06-01 19:03:12.477282,2015-06-01 19:02:34.250032,2015-06-01 19:20:11.631713,29.0,570,4
462,2015-06-01 19:03:18.494873,2015-06-01 19:02:46.788730,2015-06-01 19:20:48.512330,20.15,1926,3
463,2015-06-01 19:03:28.184508,2015-06-01 19:03:06.034117,2015-06-01 19:47:55.402122,32.08,1488,14
464,2015-06-01 19:03:27.114461,2015-06-01 19:03:06.711812,2015-06-01 19:17:37.452233,44.5,19,4
465,2015-06-01 19:03:53.684087,2015-06-01 19:03:34.632728,2015-06-01 19:25:06.864775,16.65,1471,4
466,2015-06-01 19:04:40.357531,2015-06-01 19:04:03.854963,2015-06-01 19:17:45.278489,26.0,879,1
467,2015-06-01 19:04:31.361515,2015-06-01 19:04:03.985196,2015-06-01 19:50:34.383039,15.0,2277,3
468,2015-06-01 19:04:36.510720,2015-06-01 19:04:07.611800,2015-06-01 19:12:52.773014,54.95,1413,9
469,2015-06-01 19:05:12.678694,2015-06-01 19:04:19.295015,2015-06-01 19:15:09.329613,17.95,2702,3
470,2015-06-01 19:05:05.022173,2015-06-01 19:04:47.251588,2015-06-01 19:14:54.219909,19.95,7,3
471,2015-06-01 19:05:57.322250,2015-06-01 19:05:27.794538,2015-06-01 19:16:08.816894,87.0,1672,4
472,2015-06-01 19:06:45.088222,2015-06-01 19:05:35.144498,2015-06-01 19:22:12.521567,15.45,2452,3
473,2015-06-01 19:06:01.259266,2015-06-01 19:05:40.978893,2015-06-01 19:25:45.713441,21.95,742,3
474,2015-06-01 19:06:37.415984,2015-06-01 19:06:17.664505,2015-06-01 19:13:01.325112,22.15,300,5
475,2015-06-01 19:07:41.419828,2015-06-01 19:06:52.746559,2015-06-01 19:20:25.838113,22.0,961,3
476,2015-06-01 19:07:45.095882,2015-06-01 19:07:16.953407,2015-06-01 19:14:34.136861,18.0,129,2
477,2015-06-01 19:08:01.040127,2015-06-01 19:07:41.673420,2015-06-01 19:29:03.341881,81.9,2598,11
478,2015-06-01 19:10:00.518124,2015-06-01 19:07:47.486657,2015-06-01 19:13:22.677891,16.0,23,4
479,2015-06-01 19:08:59.193793,2015-06-01 19:08:14.225217,2015-06-01 19:11:55.546495,3.95,566,1
480,2015-06-01 19:09:18.272568,2015-06-01 19:08:45.635694,2015-06-01 20:00:16.395220,22.0,2303,4
481,2015-06-01 19:09:20.137137,2015-06-01 19:08:56.094344,2015-06-01 19:23:28.440996,72.25,19,4
482,2015-06-01 19:10:28.645049,2015-06-01 19:08:56.109137,2015-06-01 19:49:21.779190,28.35,2802,4
483,2015-06-01 19:09:23.172641,2015-06-01 19:08:56.375945,2015-06-01 19:14:05.268860,24.7,97,4
484,2015-06-01 19:10:18.009603,2015-06-01 19:08:59.170720,2015-06-01 19:33:01.685742,16.05,2132,3
485,2015-06-01 19:09:20.723212,2015-06-01 19:09:01.031224,2015-06-01 19:11:27.716116,48.5,1891,3
486,2015-06-01 19:09:41.277073,2015-06-01 19:09:05.500093,2015-06-01 19:10:38.167355,15.35,1087,3
487,2015-06-01 19:09:45.387428,2015-06-01 19:09:05.782985,2015-06-01 19:10:01.989601,20.0,1871,9
488,2015-06-01 19:09:49.827884,2015-06-01 19:09:12.453429,2015-06-01 19:24:18.792170,25.0,2379,3
489,2015-06-01 19:09:59.754077,2015-06-01 19:09:14.801653,2015-06-01 19:25:24.408707,23.8,2106,2
490,2015-06-01 19:10:05.097139,2015-06-01 19:09:15.004634,2015-06-01 19:15:57.577812,22.75,173,3
491,2015-06-01 19:10:05.963319,2015-06-01 19:09:34.640296,2015-06-01 19:20:10.835826,19.7,511,3
492,2015-06-01 19:10:17.438596,2015-06-01 19:09:47.731591,2015-06-01 19:33:48.785411,20.5,46,3
493,2015-06-01 19:10:43.426464,2015-06-01 19:10:06.487066,2015-06-01 19:21:38.810360,17.3,2383,3
494,2015-06-01 19:10:31.673604,2015-06-01 19:10:11.929340,2015-06-01 19:30:55.730565,17.0,1024,3
495,2015-06-01 19:10:47.978110,2015-06-01 19:10:27.599409,2015-06-01 19:42:06.722364,42.95,1318,4
496,2015-06-01 19:11:01.369388,2015-06-01 19:10:36.224784,2015-06-01 19:32:49.419837,20.0,2431,7
497,2015-06-01 19:11:01.136652,2015-06-01 19:10:41.406701,2015-06-01 19:42:47.591673,68.2,243,7
498,2015-06-01 19:11:44.636808,2015-06-01 19:10:44.212979,2015-06-01 19:23:16.590942,18.5,469,3
499,2015-06-01 19:11:26.648827,2015-06-01 19:11:14.503562,2015-06-01 19:32:01.706168,28.4,1189,4
500,2015-06-01 19:11:50.319969,2015-06-01 19:11:32.458402,2015-06-01 19:18:25.334324,15.8,566,2
501,2015-06-01 19:11:59.141852,2015-06-01 19:11:36.930616,2015-06-01 19:29:12.043231,52.75,1062,6
502,2015-06-01 19:12:26.974706,2015-06-01 19:11:48.025072,2015-06-01 19:21:14.879467,29.85,1099,4
503,2015-06-01 19:13:15.819011,2015-06-01 19:11:55.733338,2015-06-01 19:30:09.856612,20.0,2181,3
504,2015-06-01 19:12:53.944251,2015-06-01 19:12:24.054409,2015-06-01 19:31:01.787014,25.4,1024,4
505,2015-06-01 19:12:47.418396,2015-06-01 19:12:26.903777,2015-06-01 19:13:54.041989,15.7,23,3
506,2015-06-01 19:13:07.576971,2015-06-01 19:12:50.183660,2015-06-01 19:19:17.779834,15.5,962,3
507,2015-06-01 19:13:14.850958,2015-06-01 19:12:51.315639,2015-06-01 19:30:26.930995,38.7,1784,5
508,2015-06-01 19:13:24.692406,2015-06-01 19:12:53.610511,2015-06-01 19:24:15.608695,23.9,2788,1
509,2015-06-01 19:13:29.969503,2015-06-01 19:13:04.031410,2015-06-01 19:13:40.602028,31.0,1872,6
510,2015-06-01 19:13:23.681559,2015-06-01 19:13:04.560758,2015-06-01 19:26:45.495013,17.9,922,2
511,2015-06-01 19:13:31.404015,2015-06-01 19:13:14.073762,2015-06-01 19:47:40.295449,26.45,133,5
512,2015-06-01 19:13:48.473697,2015-06-01 19:13:25.591120,2015-06-01 19:35:55.438189,27.0,136,4
513,2015-06-01 19:13:41.677889,2015-06-01 19:13:25.904196,2015-06-01 19:29:53.175018,15.9,1600,2
514,2015-06-01 19:14:22.263854,2015-06-01 19:13:49.124054,2015-06-01 19:25:35.131437,28.35,137,4
515,2015-06-01 19:14:09.532628,2015-06-01 19:13:57.971743,2015-06-01 19:30:11.237422,21.89,2374,3
516,2015-06-01 19:14:35.153706,2015-06-01 19:14:15.644166,2015-06-01 19:25:25.655106,46.0,962,6
517,2015-06-01 19:15:13.678667,2015-06-01 19:14:43.072964,2015-06-01 19:33:16.567709,35.0,919,5
518,2015-06-01 19:16:07.806598,2015-06-01 19:15:18.107816,2015-06-01 19:27:13.268877,17.25,498,3
519,2015-06-01 19:16:01.618938,2015-06-01 19:15:45.830626,2015-06-01 19:26:56.905374,32.9,226,6
520,2015-06-01 19:16:52.117417,2015-06-01 19:16:23.145284,2015-06-01 19:38:10.820686,40.75,819,6
521,2015-06-01 19:16:52.210339,2015-06-01 19:16:32.785854,2015-06-01 19:23:39.651843,25.5,2279,5
522,2015-06-01 19:16:52.460753,2015-06-01 19:16:37.823857,2015-06-01 19:18:24.304131,16.5,955,3
523,2015-06-01 19:16:56.753996,2015-06-01 19:16:39.733204,2015-06-01 19:26:41.920383,17.0,962,1
524,2015-06-01 19:17:16.227062,2015-06-01 19:16:41.371516,2015-06-01 19:17:26.969137,28.0,1826,4
525,2015-06-01 19:17:44.094726,2015-06-01 19:17:10.500728,2015-06-01 19:32:06.325450,45.1,573,7
526,2015-06-01 19:18:19.413171,2015-06-01 19:17:27.579462,2015-06-01 19:38:38.505718,30.0,1515,4
527,2015-06-01 19:18:41.438231,2015-06-01 19:17:38.510086,2015-06-01 19:46:44.829830,18.0,2179,3
528,2015-06-01 19:18:15.307958,2015-06-01 19:17:47.855097,2015-06-01 19:33:56.736866,24.0,2230,3
529,2015-06-01 19:18:45.487613,2015-06-01 19:18:17.216395,2015-06-01 20:08:35.573153,15.5,1841,3
530,2015-06-01 19:19:03.252914,2015-06-01 19:18:33.802071,2015-06-01 19:36:07.478696,44.65,896,6
531,2015-06-01 19:19:07.354102,2015-06-01 19:18:39.507477,2015-06-01 19:31:54.109806,31.0,961,1
532,2015-06-01 19:19:25.697793,2015-06-01 19:18:53.807681,2015-06-01 19:37:20.545014,31.9,16,5
533,2015-06-01 19:20:20.184912,2015-06-01 19:19:08.749986,2015-06-01 19:32:35.811632,34.3,2068,4
534,2015-06-01 19:19:40.251019,2015-06-01 19:19:22.300416,2015-06-01 19:28:20.365162,15.95,1701,2
535,2015-06-01 19:19:58.818527,2015-06-01 19:19:31.122358,2015-06-01 19:25:05.888841,22.5,2180,2
536,2015-06-01 19:20:14.541591,2015-06-01 19:19:46.312050,2015-06-01 19:37:17.147303,23.0,1362,1
537,2015-06-01 19:20:25.698617,2015-06-01 19:20:07.755572,2015-06-01 20:10:33.297271,38.25,1245,5
538,2015-06-01 19:20:49.331225,2015-06-01 19:20:31.135291,2015-06-01 19:28:26.676794,15.0,1475,2
539,2015-06-01 19:21:32.997675,2015-06-01 19:20:42.113308,2015-06-01 19:35:31.829715,17.5,666,4
540,2015-06-01 19:21:05.598560,2015-06-01 19:20:43.884942,2015-06-01 19:37:11.854878,33.15,659,9
541,2015-06-01 19:21:44.620745,2015-06-01 19:21:21.323154,2015-06-01 19:33:26.596409,18.0,879,1
542,2015-06-01 19:22:17.664832,2015-06-01 19:21:45.483372,2015-06-01 19:31:41.772811,18.25,1159,2
543,2015-06-01 19:22:23.146603,2015-06-01 19:21:52.023294,2015-06-01 19:25:48.323247,25.8,1837,2
544,2015-06-01 19:23:57.024712,2015-06-01 19:21:53.888939,2015-06-01 19:39:53.736399,56.85,785,8
545,2015-06-01 19:22:29.581031,2015-06-01 19:22:03.775310,2015-06-01 19:34:45.354812,25.0,165,4
546,2015-06-01 19:22:22.572761,2015-06-01 19:22:08.837341,2015-06-01 19:27:14.822919,15.75,365,3
547,2015-06-01 19:23:09.703143,2015-06-01 19:22:36.607557,2015-06-01 19:44:31.589121,25.6,463,5
548,2015-06-01 19:23:26.857688,2015-06-01 19:22:48.615779,2015-06-01 19:35:17.786330,15.5,2729,4
549,2015-06-01 19:23:54.009674,2015-06-01 19:23:21.940145,2015-06-01 19:37:21.742566,26.8,854,4
550,2015-06-01 19:23:49.518644,2015-06-01 19:23:23.049842,2015-06-01 19:44:25.189624,17.9,1182,2
551,2015-06-01 19:24:15.840602,2015-06-01 19:23:35.669264,2015-06-01 19:49:30.063840,37.45,267,4
552,2015-06-01 19:26:11.099986,2015-06-01 19:23:39.234305,2015-06-01 19:39:36.176490,39.25,2409,5
553,2015-06-01 19:24:16.713446,2015-06-01 19:23:43.021079,2015-06-01 19:33:47.009561,31.55,1171,5
554,2015-06-01 19:24:13.099776,2015-06-01 19:23:50.968041,2015-06-01 19:52:14.216669,25.0,1188,2
555,2015-06-01 19:24:06.785898,2015-06-01 19:23:51.268837,2015-06-01 19:47:06.656240,34.89,507,5
556,2015-06-01 19:24:26.074424,2015-06-01 19:23:51.834314,2015-06-01 19:49:17.839169,15.45,170,2
557,2015-06-01 19:24:24.242101,2015-06-01 19:24:06.777489,2015-06-01 19:40:12.419876,19.4,97,5
558,2015-06-01 19:25:29.578400,2015-06-01 19:25:11.343315,2015-06-01 19:43:08.077693,28.55,137,4
559,2015-06-01 19:26:08.636536,2015-06-01 19:25:43.008389,2015-06-01 19:56:09.882235,42.93,2723,7
560,2015-06-01 19:27:10.212794,2015-06-01 19:26:37.305619,2015-06-01 19:27:20.228674,36.5,2491,3
561,2015-06-01 19:27:19.863772,2015-06-01 19:26:39.876262,2015-06-01 19:32:52.847002,19.5,2504,2
562,2015-06-01 19:26:56.649595,2015-06-01 19:26:45.300171,2015-06-01 19:56:30.456789,37.7,16,5
563,2015-06-01 19:27:24.049655,2015-06-01 19:26:58.449927,2015-06-01 19:45:27.157215,41.6,750,5
564,2015-06-01 19:27:22.816407,2015-06-01 19:27:01.217354,2015-06-01 19:37:27.171749,20.0,1484,4
565,2015-06-01 19:27:31.421208,2015-06-01 19:27:03.048766,2015-06-01 19:33:00.725484,15.6,69,3
566,2015-06-01 19:28:02.399591,2015-06-01 19:27:10.312953,2015-06-01 19:44:32.315730,22.85,1182,3
567,2015-06-01 19:27:30.233728,2015-06-01 19:27:10.887821,2015-06-01 19:42:54.192709,15.7,243,2
568,2015-06-01 19:28:04.325601,2015-06-01 19:27:38.112871,2015-06-01 19:47:37.070769,10.8,163,1
569,2015-06-01 19:28:10.241870,2015-06-01 19:27:45.984857,2015-06-01 19:39:00.394522,16.15,127,4
570,2015-06-01 19:28:47.983593,2015-06-01 19:27:56.765304,2015-06-01 19:28:58.920880,29.0,2411,2
571,2015-06-01 19:30:21.884591,2015-06-01 19:28:10.774012,2015-06-01 19:49:29.208709,17.1,408,7
572,2015-06-01 19:28:40.336150,2015-06-01 19:28:13.563065,2015-06-01 19:42:05.869763,21.4,854,3
573,2015-06-01 19:29:45.583574,2015-06-01 19:29:12.977700,2015-06-01 19:44:26.651946,51.0,1841,2
574,2015-06-01 19:29:36.828615,2015-06-01 19:29:13.112551,2015-06-01 19:32:28.185219,22.0,2105,5
575,2015-06-01 19:30:27.059763,2015-06-01 19:29:53.992981,2015-06-01 19:34:25.900219,16.0,2533,3
576,2015-06-01 19:30:11.308902,2015-06-01 19:29:55.538746,2015-06-01 19:40:21.591011,18.75,467,3
577,2015-06-01 19:30:58.826936,2015-06-01 19:30:28.779180,2015-06-01 19:35:04.721381,15.25,365,4
578,2015-06-01 19:31:01.782637,2015-06-01 19:30:30.291801,2015-06-01 19:49:29.472910,22.05,408,7
579,2015-06-01 19:31:13.189115,2015-06-01 19:30:40.646285,2015-06-01 19:41:08.546194,41.0,1817,6
580,2015-06-01 19:31:47.400744,2015-06-01 19:31:16.571971,2015-06-01 19:46:30.462294,42.6,2271,4
581,2015-06-01 19:31:44.169590,2015-06-01 19:31:21.784644,2015-06-01 19:58:46.183915,27.8,653,4
582,2015-06-01 19:32:17.292743,2015-06-01 19:31:40.377466,2015-06-01 19:42:16.134402,41.55,1518,7
583,2015-06-01 19:32:28.767580,2015-06-01 19:31:58.973218,2015-06-01 19:43:34.381119,27.4,2660,7
584,2015-06-01 19:32:50.400201,2015-06-01 19:32:14.325628,2015-06-01 19:40:03.959494,19.2,252,5
585,2015-06-01 19:32:53.021264,2015-06-01 19:32:19.749281,2015-06-01 19:49:32.898827,41.95,485,9
586,2015-06-01 19:33:18.630716,2015-06-01 19:32:49.829283,2015-06-01 19:43:34.116214,20.45,365,4
587,2015-06-01 19:33:32.488787,2015-06-01 19:32:56.468061,2015-06-01 19:43:07.134529,23.0,30,2
588,2015-06-01 19:33:48.879259,2015-06-01 19:33:34.587156,2015-06-01 19:46:41.630619,15.0,97,1
589,2015-06-01 19:33:51.069780,2015-06-01 19:33:37.594842,2015-06-01 19:48:24.634259,28.0,154,3
590,2015-06-01 19:34:10.394922,2015-06-01 19:33:38.670556,2015-06-01 19:39:25.331296,36.6,2432,3
591,2015-06-01 19:34:02.417347,2015-06-01 19:33:40.135640,2015-06-01 19:46:53.838995,20.9,1314,2
592,2015-06-01 19:36:33.423744,2015-06-01 19:34:45.890565,2015-06-01 19:53:28.589767,32.9,1408,3
593,2015-06-01 19:35:11.341035,2015-06-01 19:34:48.885652,2015-06-01 20:05:57.381115,29.4,12,2
594,2015-06-01 19:36:07.782187,2015-06-01 19:35:13.346634,2015-06-01 19:53:06.130391,27.25,1586,3
595,2015-06-01 19:35:46.951457,2015-06-01 19:35:21.261889,2015-06-01 19:48:42.486686,33.7,304,4
596,2015-06-01 19:36:59.510907,2015-06-01 19:35:30.975795,2015-06-01 19:37:11.287947,32.0,1869,9
597,2015-06-01 19:36:55.782888,2015-06-01 19:35:40.935467,2015-06-01 19:52:38.650904,24.3,133,5
598,2015-06-01 19:36:02.217642,2015-06-01 19:35:45.852568,2015-06-01 19:55:54.312358,15.5,1515,2
599,2015-06-01 19:36:55.981686,2015-06-01 19:36:20.651900,2015-06-01 19:48:05.534098,22.0,2504,3
600,2015-06-01 19:36:59.709291,2015-06-01 19:36:35.740725,2015-06-01 19:45:23.104460,18.9,902,2
601,2015-06-01 19:37:22.818001,2015-06-01 19:37:08.962221,2015-06-01 19:58:43.087763,23.5,1402,4
602,2015-06-01 19:37:50.109984,2015-06-01 19:37:09.704558,2015-06-01 19:52:34.623309,54.5,1518,10
603,2015-06-01 19:37:59.739075,2015-06-01 19:37:31.954452,2015-06-01 19:48:19.933832,21.35,408,9
604,2015-06-01 19:37:54.416350,2015-06-01 19:37:37.460276,2015-06-01 19:46:51.923035,31.8,1594,6
605,2015-06-01 19:38:17.779202,2015-06-01 19:37:38.951606,2015-06-01 19:38:32.790778,40.0,1820,4
606,2015-06-01 19:38:00.887843,2015-06-01 19:37:46.147109,2015-06-01 20:14:29.251841,15.15,1486,8
607,2015-06-01 19:39:31.122163,2015-06-01 19:38:02.036663,2015-06-01 19:52:12.189514,15.15,1171,4
608,2015-06-01 19:39:58.113782,2015-06-01 19:38:57.110151,2015-06-01 19:51:26.793427,30.75,2512,3
609,2015-06-01 19:39:48.379065,2015-06-01 19:39:08.182950,2015-06-01 19:49:12.821929,19.5,2172,2
610,2015-06-01 19:39:50.390860,2015-06-01 19:39:32.069529,2015-06-01 19:48:13.902411,18.5,408,9
611,2015-06-01 19:40:07.307476,2015-06-01 19:39:41.618626,2015-06-01 20:10:10.701780,63.7,170,9
612,2015-06-01 19:40:31.071242,2015-06-01 19:39:55.041712,2015-06-01 20:38:24.127336,52.4,653,9
613,2015-06-01 19:42:22.464099,2015-06-01 19:40:28.644471,2015-06-01 20:05:03.920399,39.9,2727,3
614,2015-06-01 19:42:06.346601,2015-06-01 19:40:31.374706,2015-06-01 19:45:34.459554,24.45,1119,2
615,2015-06-01 19:41:29.220777,2015-06-01 19:41:15.343159,2015-06-01 19:55:46.489470,12.45,1410,2
616,2015-06-01 19:42:46.159741,2015-06-01 19:41:52.492058,2015-06-01 19:56:42.827990,15.0,273,2
617,2015-06-01 19:43:14.702827,2015-06-01 19:42:11.740265,2015-06-01 19:57:52.038573,16.0,2179,3
618,2015-06-01 19:44:36.201594,2015-06-01 19:42:41.271458,2015-06-01 19:58:54.065896,25.0,1285,3
619,2015-06-01 19:43:07.328719,2015-06-01 19:42:46.256672,2015-06-01 19:54:10.795583,22.5,1484,5
620,2015-06-01 19:43:19.722019,2015-06-01 19:43:09.573235,2015-06-01 20:16:18.566238,112.25,19,7
621,2015-06-01 19:44:08.964633,2015-06-01 19:43:24.012118,2015-06-01 19:53:25.224551,27.1,1329,4
622,2015-06-01 19:46:20.781802,2015-06-01 19:43:24.184695,2015-06-01 20:02:58.274197,17.3,23,2
623,2015-06-01 19:43:53.076560,2015-06-01 19:43:34.287150,2015-06-01 19:56:10.148647,15.9,307,3
624,2015-06-01 19:44:01.262675,2015-06-01 19:43:47.347049,2015-06-01 19:49:35.455658,25.5,2533,3
625,2015-06-01 19:44:37.774886,2015-06-01 19:44:22.277274,2015-06-01 20:02:39.855431,18.0,19,1
626,2015-06-01 19:45:57.256561,2015-06-01 19:45:04.535600,2015-06-01 20:00:36.088831,20.5,2777,3
627,2015-06-01 19:45:34.354368,2015-06-01 19:45:07.593880,2015-06-01 20:04:45.697762,102.4,349,13
628,2015-06-01 19:45:38.836065,2015-06-01 19:45:10.791785,2015-06-01 20:03:35.477160,56.9,405,5
629,2015-06-01 19:45:38.882352,2015-06-01 19:45:13.094884,2015-06-01 19:53:30.408031,19.7,1329,3
630,2015-06-01 19:45:55.389236,2015-06-01 19:45:25.899797,2015-06-01 19:54:22.536472,15.94,507,2
631,2015-06-01 19:46:09.496216,2015-06-01 19:45:27.879359,2015-06-01 20:38:40.256997,18.0,1757,1
632,2015-06-01 19:46:33.676445,2015-06-01 19:46:14.163650,2015-06-01 20:04:29.777862,22.4,596,5
633,2015-06-01 19:49:59.479354,2015-06-01 19:46:24.391789,2015-06-01 20:02:45.545247,10.5,19,2
634,2015-06-01 19:47:05.562594,2015-06-01 19:46:35.949965,2015-06-01 20:08:08.726599,23.4,412,3
635,2015-06-01 19:47:03.295017,2015-06-01 19:46:48.656257,2015-06-01 19:59:22.983210,32.9,1006,5
636,2015-06-01 19:47:32.683613,2015-06-01 19:47:03.351198,2015-06-01 19:58:08.473783,17.4,1302,12
637,2015-06-01 19:47:47.166727,2015-06-01 19:47:08.679437,2015-06-01 20:07:30.738202,44.5,921,4
638,2015-06-01 19:48:14.394207,2015-06-01 19:48:01.917458,2015-06-01 19:51:00.379947,15.65,2512,5
639,2015-06-01 19:48:41.841649,2015-06-01 19:48:11.228047,2015-06-01 19:57:16.840094,19.75,1078,3
640,2015-06-01 19:48:36.753965,2015-06-01 19:48:25.035474,2015-06-01 20:00:46.643323,11.3,2497,2
641,2015-06-01 19:49:44.399692,2015-06-01 19:48:54.411750,2015-06-01 19:58:18.102574,31.3,1939,5
642,2015-06-01 19:49:55.303752,2015-06-01 19:48:56.037516,2015-06-01 19:54:06.549312,168.0,1869,7
643,2015-06-01 19:49:34.264963,2015-06-01 19:49:00.965379,2015-06-01 20:06:30.447155,23.35,1063,2
644,2015-06-01 19:49:26.903385,2015-06-01 19:49:03.507261,2015-06-01 20:01:02.349971,22.0,490,1
645,2015-06-01 19:49:23.798469,2015-06-01 19:49:04.844390,2015-06-01 19:57:44.381189,26.5,2112,4
646,2015-06-01 19:49:55.673701,2015-06-01 19:49:19.802625,2015-06-01 19:54:52.943313,11.5,58,2
647,2015-06-01 19:50:30.928482,2015-06-01 19:50:04.597574,2015-06-01 20:13:41.263816,21.6,1386,2
648,2015-06-01 20:06:50.953068,2015-06-01 19:50:29.268507,2015-06-01 20:45:08.701853,15.9,1451,2
649,2015-06-01 19:51:19.636381,2015-06-01 19:50:41.214038,2015-06-01 20:04:41.016530,18.5,537,2
650,2015-06-01 19:51:36.738017,2015-06-01 19:50:41.285531,2015-06-01 20:00:05.853836,34.4,2132,6
651,2015-06-01 19:51:58.051802,2015-06-01 19:51:37.674280,2015-06-01 19:59:44.740974,23.7,17,5
652,2015-06-01 19:52:01.942259,2015-06-01 19:51:41.310682,2015-06-01 20:02:45.218647,39.4,870,5
653,2015-06-01 19:52:38.414279,2015-06-01 19:51:58.689184,2015-06-01 20:23:01.663320,17.5,2699,3
654,2015-06-01 19:52:45.900398,2015-06-01 19:52:20.095104,2015-06-01 20:02:50.704405,19.8,870,2
655,2015-06-01 19:52:44.875077,2015-06-01 19:52:22.234024,2015-06-01 20:00:27.005935,11.2,1518,2
656,2015-06-01 19:53:00.562416,2015-06-01 19:52:24.993347,2015-06-01 20:21:09.953763,25.0,58,3
657,2015-06-01 19:53:11.904120,2015-06-01 19:52:41.742337,2015-06-01 20:13:50.217174,28.25,1137,3
658,2015-06-01 19:53:37.416171,2015-06-01 19:53:09.371355,2015-06-01 20:00:05.146592,21.0,1285,3
659,2015-06-01 19:53:56.107004,2015-06-01 19:53:28.764995,2015-06-01 19:54:30.407687,45.0,2499,4
660,2015-06-01 19:53:45.250491,2015-06-01 19:53:32.111147,2015-06-01 20:04:57.724903,11.5,165,3
661,2015-06-01 19:54:06.998055,2015-06-01 19:53:36.755358,2015-06-01 19:58:20.454863,16.1,1136,3
662,2015-06-01 19:54:08.330576,2015-06-01 19:53:52.624508,2015-06-01 20:24:43.396718,19.2,46,4
663,2015-06-01 19:54:15.899047,2015-06-01 19:53:56.663316,2015-06-01 20:08:22.857861,41.5,1390,7
664,2015-06-01 19:54:37.006937,2015-06-01 19:54:12.190383,2015-06-01 20:02:08.386022,18.85,2405,3
665,2015-06-01 19:54:51.745181,2015-06-01 19:54:27.575828,2015-06-01 20:00:09.960496,17.9,1837,2
666,2015-06-01 19:55:04.065618,2015-06-01 19:54:31.412120,2015-06-01 20:12:29.095989,19.5,1758,4
667,2015-06-01 19:56:02.196983,2015-06-01 19:54:42.249111,2015-06-01 20:10:27.661407,22.8,1519,3
668,2015-06-01 19:56:07.402443,2015-06-01 19:54:53.927799,2015-06-01 20:09:47.200850,15.15,1519,2
669,2015-06-01 19:55:59.756361,2015-06-01 19:55:16.727693,2015-06-01 20:02:50.629365,6.8,870,1
670,2015-06-01 19:56:29.381113,2015-06-01 19:55:35.714711,2015-06-01 20:21:54.654916,63.2,1255,5
671,2015-06-01 19:55:55.258200,2015-06-01 19:55:43.750447,2015-06-01 20:23:59.209960,37.9,154,6
672,2015-06-01 19:56:21.408841,2015-06-01 19:55:45.779657,2015-06-01 20:11:39.007577,19.0,573,6
673,2015-06-01 19:56:27.191969,2015-06-01 19:55:53.095243,2015-06-01 20:05:07.165178,20.7,1973,3
674,2015-06-01 19:57:04.114657,2015-06-01 19:56:05.858607,2015-06-01 20:04:26.421840,28.95,2349,6
675,2015-06-01 20:20:59.896499,2015-06-01 19:56:25.390424,2015-06-01 20:38:01.495880,25.0,570,4
676,2015-06-01 19:57:00.823343,2015-06-01 19:56:37.614761,2015-06-01 20:17:47.860508,21.9,388,2
677,2015-06-01 19:57:48.341731,2015-06-01 19:56:52.119140,2015-06-01 20:15:27.639970,56.0,1408,8
678,2015-06-01 19:57:19.219057,2015-06-01 19:57:09.408043,2015-06-01 20:04:09.210420,23.5,1270,4
679,2015-06-01 19:57:48.206738,2015-06-01 19:57:22.052540,2015-06-01 20:22:34.503168,37.75,1453,8
680,2015-06-01 19:57:44.251699,2015-06-01 19:57:29.812960,2015-06-01 20:25:57.896430,29.65,1107,4
681,2015-06-01 19:58:37.558048,2015-06-01 19:58:17.933772,2015-06-01 20:07:51.113503,15.0,1869,3
682,2015-06-01 19:58:52.979873,2015-06-01 19:58:21.929467,2015-06-01 20:00:26.327670,15.2,2105,2
683,2015-06-01 20:00:00.214394,2015-06-01 19:59:31.475562,2015-06-01 20:29:51.037157,40.71,137,7
684,2015-06-01 20:02:22.876731,2015-06-01 20:00:47.424808,2015-06-01 20:06:32.938617,14.0,23,2
685,2015-06-01 20:01:48.143223,2015-06-01 20:01:11.227849,2015-06-01 20:12:39.774096,15.0,2790,3
686,2015-06-01 20:01:37.821061,2015-06-01 20:01:15.605385,2015-06-01 20:19:07.464277,18.2,255,3
687,2015-06-01 20:01:46.884069,2015-06-01 20:01:19.749033,2015-06-01 20:43:11.476587,75.0,1480,10
688,2015-06-01 20:01:54.284800,2015-06-01 20:01:35.503878,2015-06-01 20:10:48.052840,32.75,1087,3
689,2015-06-01 20:02:23.817864,2015-06-01 20:01:59.913677,2015-06-01 20:18:52.440770,21.45,2177,3
690,2015-06-01 20:02:40.960499,2015-06-01 20:02:18.336244,2015-06-01 20:13:26.368054,13.5,1390,2
691,2015-06-01 20:03:12.943000,2015-06-01 20:02:38.014916,2015-06-01 20:37:10.167385,21.2,1402,4
692,2015-06-01 20:03:19.022567,2015-06-01 20:02:46.804465,2015-06-01 20:05:03.520272,28.49,2437,3
693,2015-06-01 20:03:29.133785,2015-06-01 20:02:57.786880,2015-06-01 20:12:18.833854,17.65,267,3
694,2015-06-01 20:03:29.036059,2015-06-01 20:02:58.823848,2015-06-01 20:09:14.043077,18.5,2180,2
695,2015-06-01 20:04:11.946017,2015-06-01 20:03:35.698454,2015-06-01 20:28:25.021070,24.0,408,11
696,2015-06-01 20:05:07.415876,2015-06-01 20:03:48.359667,2015-06-01 22:20:01.366562,35.0,1485,3
697,2015-06-01 20:04:36.202365,2015-06-01 20:04:07.484337,2015-06-01 20:29:04.983108,43.2,255,4
698,2015-06-01 20:05:08.813571,2015-06-01 20:04:36.925807,2015-06-01 20:29:10.006095,16.98,2135,2
699,2015-06-01 20:05:47.005691,2015-06-01 20:04:51.739322,2015-06-01 20:15:04.716069,22.4,1939,4
700,2015-06-01 20:13:54.888710,2015-06-01 20:05:17.064150,2015-06-01 20:26:13.554507,16.65,2309,3
701,2015-06-01 20:06:04.652310,2015-06-01 20:05:30.225273,2015-06-01 20:22:17.720218,12.9,885,5
702,2015-06-01 20:06:28.511005,2015-06-01 20:05:42.808017,2015-06-01 20:19:51.512690,17.0,2112,3
703,2015-06-01 20:06:13.521668,2015-06-01 20:05:45.095016,2015-06-01 20:26:56.807516,59.0,2446,6
704,2015-06-01 20:06:35.361192,2015-06-01 20:05:48.489995,2015-06-01 20:16:46.626191,45.4,490,6
705,2015-06-01 20:06:41.187725,2015-06-01 20:05:48.993378,2015-06-01 20:23:30.438269,19.0,2379,1
706,2015-06-01 20:09:37.346686,2015-06-01 20:06:10.688357,2015-06-01 20:20:33.970942,40.5,2356,6
707,2015-06-01 20:07:34.606621,2015-06-01 20:06:38.782700,2015-06-01 20:19:29.091031,20.4,2571,4
708,2015-06-01 20:07:34.812761,2015-06-01 20:06:54.664078,2015-06-01 20:09:16.127276,26.0,2504,3
709,2015-06-01 20:07:40.148856,2015-06-01 20:06:58.851363,2015-06-01 20:35:48.690054,23.4,485,4
710,2015-06-01 20:07:38.097765,2015-06-01 20:07:16.621014,2015-06-01 20:21:15.828064,19.7,58,4
711,2015-06-01 20:07:43.780940,2015-06-01 20:07:26.477318,2015-06-01 20:11:00.173856,16.5,545,3
712,2015-06-01 20:08:46.955734,2015-06-01 20:08:05.529229,2015-06-01 20:16:22.019265,53.0,182,5
713,2015-06-01 20:09:04.870978,2015-06-01 20:08:07.424916,2015-06-01 20:14:24.117213,16.2,1538,2
714,2015-06-01 20:08:44.449653,2015-06-01 20:08:24.544371,2015-06-01 20:23:42.947286,23.0,14,2
715,2015-06-01 20:10:18.427655,2015-06-01 20:09:27.377743,2015-06-01 20:26:34.159865,12.5,2852,3
716,2015-06-01 20:09:48.423273,2015-06-01 20:09:27.826421,2015-06-01 20:19:13.897861,39.9,822,2
717,2015-06-01 20:10:09.945982,2015-06-01 20:09:30.972904,2015-06-01 20:27:54.077809,16.4,1149,3
718,2015-06-01 20:10:59.494496,2015-06-01 20:10:10.679991,2015-06-01 20:40:49.470493,22.9,2570,2
719,2015-06-01 20:11:17.849257,2015-06-01 20:10:52.084366,2015-06-01 20:23:12.860979,16.1,815,2
720,2015-06-01 20:11:50.927543,2015-06-01 20:11:21.514594,2015-06-01 20:20:59.266641,12.9,1226,2
721,2015-06-01 20:11:49.742018,2015-06-01 20:11:22.878211,2015-06-01 20:13:15.798105,16.0,2470,9
722,2015-06-01 20:12:36.698130,2015-06-01 20:11:46.689486,2015-06-01 20:18:16.763165,24.5,23,4
723,2015-06-01 20:12:15.751023,2015-06-01 20:11:50.185282,2015-06-01 20:34:08.669131,26.0,2558,5
724,2015-06-01 20:12:19.611813,2015-06-01 20:11:51.431384,2015-06-01 20:26:06.850829,38.0,2311,2
725,2015-06-01 20:12:38.135394,2015-06-01 20:12:05.668186,2015-06-01 20:33:07.928836,15.95,995,3
726,2015-06-01 20:13:02.322830,2015-06-01 20:12:26.523991,2015-06-01 20:16:52.939315,39.8,2126,6
727,2015-06-01 20:13:03.924146,2015-06-01 20:12:40.275759,2015-06-01 20:34:08.708788,30.0,51,4
728,2015-06-01 20:14:00.434714,2015-06-01 20:13:36.124084,2015-06-01 20:30:40.403897,24.6,2740,2
729,2015-06-01 20:13:54.483714,2015-06-01 20:13:41.749033,2015-06-01 20:28:37.959787,46.6,1227,6
730,2015-06-01 20:14:00.666377,2015-06-01 20:13:42.581132,2015-06-01 20:53:06.439506,22.5,653,3
731,2015-06-01 20:14:09.045810,2015-06-01 20:13:45.362963,2015-06-01 20:20:58.759649,31.75,498,2
732,2015-06-01 20:14:16.531607,2015-06-01 20:13:49.394119,2015-06-01 20:27:17.484670,72.0,850,3
733,2015-06-01 20:14:45.629968,2015-06-01 20:14:29.762776,2015-06-01 20:55:27.523799,50.0,5,1
734,2015-06-01 20:15:14.667357,2015-06-01 20:14:50.331696,2015-06-01 20:34:07.742707,37.0,2308,4
735,2015-06-01 20:16:01.106136,2015-06-01 20:15:00.671272,2015-06-01 20:24:51.364837,17.0,1622,4
736,2015-06-01 20:15:45.023703,2015-06-01 20:15:08.080690,2015-06-01 20:25:07.436441,24.8,1698,2
737,2015-06-01 20:19:14.255575,2015-06-01 20:15:54.476033,2015-06-01 20:42:01.174044,93.6,1573,8
738,2015-06-01 20:18:52.188785,2015-06-01 20:16:25.483468,2015-06-01 20:32:09.249896,19.85,143,4
739,2015-06-01 20:18:02.903338,2015-06-01 20:16:50.500831,2015-06-01 20:28:21.048869,29.0,2279,4
740,2015-06-01 20:17:27.403930,2015-06-01 20:16:54.612489,2015-06-01 20:40:45.680903,35.3,412,5
741,2015-06-01 20:17:32.378060,2015-06-01 20:17:01.634255,2015-06-01 21:25:37.738893,24.9,1451,3
742,2015-06-01 20:17:40.811252,2015-06-01 20:17:25.422794,2015-06-01 20:22:49.871468,15.0,1390,4
743,2015-06-01 20:18:36.752830,2015-06-01 20:18:15.715935,2015-06-01 20:24:19.560481,23.3,1022,5
744,2015-06-01 20:18:46.919660,2015-06-01 20:18:17.777352,2015-06-01 20:22:49.521281,18.9,1518,2
745,2015-06-01 20:19:10.071898,2015-06-01 20:18:24.077017,2015-06-01 20:40:07.379848,25.75,129,5
746,2015-06-01 20:18:42.972462,2015-06-01 20:18:27.729987,2015-06-01 20:44:43.946052,40.8,568,8
747,2015-06-01 20:19:13.748748,2015-06-01 20:18:56.192695,2015-06-01 20:21:06.364108,31.0,2303,3
748,2015-06-01 20:20:08.153072,2015-06-01 20:19:34.058261,2015-06-01 20:47:14.315112,40.9,2746,5
749,2015-06-01 20:20:11.319955,2015-06-01 20:19:45.102188,2015-06-01 20:31:53.751958,21.3,1595,3
750,2015-06-01 20:20:30.229687,2015-06-01 20:19:46.074364,2015-06-01 20:51:48.981419,33.45,2214,4
751,2015-06-01 20:20:24.976129,2015-06-01 20:19:52.481696,2015-06-01 20:31:57.587487,22.0,226,1
752,2015-06-01 20:20:51.530148,2015-06-01 20:20:24.246602,2015-06-01 20:46:44.497875,25.0,2324,1
753,2015-06-01 20:21:17.009028,2015-06-01 20:20:42.509312,2015-06-01 20:31:53.660615,19.0,1595,2
754,2015-06-01 20:21:21.528972,2015-06-01 20:20:50.474058,2015-06-01 20:40:24.417495,35.7,573,7
755,2015-06-01 20:21:27.671866,2015-06-01 20:21:05.111149,2015-06-01 20:41:48.906128,22.9,2715,4
756,2015-06-01 20:21:58.151613,2015-06-01 20:21:36.342141,2015-06-01 20:32:14.639814,19.8,143,5
757,2015-06-01 20:22:15.287017,2015-06-01 20:21:36.630090,2015-06-01 20:33:10.846348,27.0,1939,4
758,2015-06-01 20:22:13.389899,2015-06-01 20:21:47.220404,2015-06-01 20:29:06.505770,22.5,579,2
759,2015-06-01 20:22:09.973777,2015-06-01 20:21:52.084538,2015-06-01 20:44:49.113661,23.3,568,5
760,2015-06-01 20:40:47.195002,2015-06-01 20:21:55.966949,2015-06-01 20:46:06.552905,30.0,301,2
761,2015-06-01 20:22:41.688473,2015-06-01 20:22:23.006778,2015-06-01 20:30:41.046238,28.9,1243,3
762,2015-06-01 20:23:21.783952,2015-06-01 20:23:01.143158,2015-06-01 20:27:38.968048,16.1,1302,14
763,2015-06-01 20:24:12.534006,2015-06-01 20:23:36.001703,2015-06-01 20:53:18.509551,25.5,570,4
764,2015-06-01 20:23:56.426604,2015-06-01 20:23:36.830316,2015-06-01 20:50:55.729843,30.5,879,3
765,2015-06-01 20:24:05.039900,2015-06-01 20:23:49.489004,2015-06-01 20:37:41.106445,19.45,365,4
766,2015-06-01 20:24:32.521297,2015-06-01 20:24:00.747316,2015-06-01 20:37:34.818116,25.75,1784,4
767,2015-06-01 20:25:08.979051,2015-06-01 20:24:20.785340,2015-06-01 20:26:39.785870,15.2,2105,3
768,2015-06-01 20:25:11.796284,2015-06-01 20:24:40.867070,2015-06-01 20:44:48.558366,78.95,1399,6
769,2015-06-01 20:29:26.881725,2015-06-01 20:25:39.811058,2015-06-01 20:40:05.821155,19.5,2273,3
770,2015-06-01 20:26:08.277551,2015-06-01 20:25:51.069771,2015-06-01 20:38:42.502593,15.7,1453,3
771,2015-06-01 20:26:44.909064,2015-06-01 20:26:19.829219,2015-06-01 20:44:37.432510,25.0,267,4
772,2015-06-01 20:26:52.281681,2015-06-01 20:26:22.239622,2015-06-01 20:45:34.172333,29.0,1250,3
773,2015-06-01 20:27:08.968960,2015-06-01 20:26:28.337755,2015-06-01 20:45:40.267691,28.7,833,4
774,2015-06-01 20:27:40.365042,2015-06-01 20:26:30.646565,2015-06-01 20:48:46.831010,34.8,3,4
775,2015-06-01 20:28:00.633740,2015-06-01 20:26:48.942643,2015-06-01 20:44:10.001386,15.7,931,2
776,2015-06-01 20:27:24.971444,2015-06-01 20:27:13.697670,2015-06-01 20:35:05.559784,17.6,1636,3
777,2015-06-01 20:28:51.912699,2015-06-01 20:28:22.861460,2015-06-01 20:29:24.304524,15.0,1820,3
778,2015-06-01 20:29:12.609802,2015-06-01 20:28:23.201058,2015-06-01 21:10:22.794931,16.9,1722,2
779,2015-06-01 20:29:19.685388,2015-06-01 20:28:52.801017,2015-06-01 20:34:13.836248,15.0,2504,2
780,2015-06-01 20:29:57.717683,2015-06-01 20:29:30.156963,2015-06-01 20:36:30.601407,17.45,1118,5
781,2015-06-01 20:30:23.249651,2015-06-01 20:29:50.919136,2015-06-01 20:39:03.002963,28.0,579,5
782,2015-06-01 20:31:44.126128,2015-06-01 20:29:52.876485,2015-06-01 20:48:41.336221,140.3,3,11
783,2015-06-01 20:30:47.158832,2015-06-01 20:29:58.964077,2015-06-01 20:42:18.376137,30.3,12,5
784,2015-06-01 20:30:45.563522,2015-06-01 20:30:05.871509,2015-06-01 20:37:12.776139,40.0,2499,3
785,2015-06-01 20:31:18.073896,2015-06-01 20:30:40.407016,2015-06-01 20:54:50.632378,17.8,573,4
786,2015-06-01 20:32:07.142676,2015-06-01 20:31:40.705796,2015-06-01 20:36:43.417481,20.75,19,2
787,2015-06-01 20:32:31.696407,2015-06-01 20:31:53.123516,2015-06-01 20:37:08.659840,17.8,1302,13
788,2015-06-01 20:32:14.540132,2015-06-01 20:32:00.524423,2015-06-01 20:44:05.680363,19.0,467,3
789,2015-06-01 20:32:44.699261,2015-06-01 20:32:13.554969,2015-06-01 20:41:33.529443,15.5,943,3
790,2015-06-01 20:33:07.898632,2015-06-01 20:32:35.312860,2015-06-01 20:42:23.362263,22.7,2716,3
791,2015-06-01 20:38:14.914586,2015-06-01 20:32:40.106032,2015-06-01 20:48:57.693389,33.3,3,5
792,2015-06-01 20:33:08.355810,2015-06-01 20:32:49.287938,2015-06-01 20:44:00.311628,26.0,19,1
793,2015-06-01 20:38:05.896033,2015-06-01 20:33:36.639520,2015-06-01 20:54:35.100975,28.5,1092,6
794,2015-06-01 20:34:03.537036,2015-06-01 20:33:39.045523,2015-06-01 20:57:53.452036,18.45,251,2
795,2015-06-01 20:35:27.039052,2015-06-01 20:34:07.773243,2015-06-01 20:48:52.124863,19.9,3,3
796,2015-06-01 20:34:59.746220,2015-06-01 20:34:39.241689,2015-06-01 20:48:43.921868,11.75,165,5
797,2015-06-01 20:35:06.163171,2015-06-01 20:34:46.019095,2015-06-01 20:54:19.816773,35.8,156,4
798,2015-06-01 20:35:40.119229,2015-06-01 20:35:23.799700,2015-06-01 21:07:29.129245,37.0,1042,5
799,2015-06-01 20:36:34.958322,2015-06-01 20:36:01.721172,2015-06-01 20:58:19.393587,20.1,573,4
800,2015-06-01 20:36:45.363663,2015-06-01 20:36:20.276708,2015-06-01 20:46:14.045985,20.0,951,1
801,2015-06-01 20:37:09.991422,2015-06-01 20:36:32.262227,2015-06-01 20:37:56.170290,50.0,1872,5
802,2015-06-01 20:37:24.328595,2015-06-01 20:36:33.476514,2015-06-01 20:45:14.878126,18.9,421,2
803,2015-06-01 20:37:20.526768,2015-06-01 20:36:48.626359,2015-06-01 20:52:18.538191,17.7,2788,2
804,2015-06-01 20:37:48.246030,2015-06-01 20:37:12.979784,2015-06-01 20:43:58.246650,15.7,1136,4
805,2015-06-01 20:37:59.707034,2015-06-01 20:37:29.080814,2015-06-01 20:44:23.301036,16.45,365,3
806,2015-06-01 20:38:05.210671,2015-06-01 20:37:36.770703,2015-06-01 20:56:11.432868,29.2,312,3
807,2015-06-01 20:38:09.228597,2015-06-01 20:37:52.883086,2015-06-01 21:10:04.959706,40.8,598,3
808,2015-06-01 20:38:29.469274,2015-06-01 20:38:18.367527,2015-06-01 21:00:30.733586,15.8,1307,5
809,2015-06-01 20:38:39.597803,2015-06-01 20:38:21.365594,2015-06-01 20:57:34.033094,54.85,323,5
810,2015-06-01 20:39:40.356845,2015-06-01 20:38:43.855577,2015-06-01 20:50:55.798855,19.0,879,2
811,2015-06-01 20:39:40.426045,2015-06-01 20:39:04.703827,2015-06-01 20:41:07.067804,0.5,1487,1
812,2015-06-01 20:39:51.802937,2015-06-01 20:39:27.426194,2015-06-01 20:48:37.080213,19.8,97,3
813,2015-06-01 20:40:14.654506,2015-06-01 20:39:44.043275,2015-06-01 20:50:37.074100,17.85,2777,3
814,2015-06-01 20:40:11.486996,2015-06-01 20:39:44.631029,2015-06-01 20:50:55.658519,59.0,879,6
815,2015-06-01 20:40:13.382881,2015-06-01 20:39:50.809701,2015-06-01 21:01:05.055735,15.0,129,1
816,2015-06-01 20:40:18.543960,2015-06-01 20:40:03.736089,2015-06-01 20:43:05.945976,15.95,2104,4
817,2015-06-01 20:41:08.288419,2015-06-01 20:40:32.800947,2015-06-01 20:45:53.910113,20.0,354,2
818,2015-06-01 20:41:21.345757,2015-06-01 20:40:52.180285,2015-06-01 21:00:30.259309,35.0,2324,1
819,2015-06-01 20:41:41.921666,2015-06-01 20:41:12.761844,2015-06-01 21:04:31.930690,22.1,32,5
820,2015-06-01 20:41:36.973358,2015-06-01 20:41:21.666459,2015-06-01 20:48:14.876619,41.5,2180,3
821,2015-06-01 20:43:35.383221,2015-06-01 20:42:22.178465,2015-06-01 21:00:18.073470,24.8,1939,4
822,2015-06-01 20:43:00.731087,2015-06-01 20:42:33.795266,2015-06-01 21:09:09.311807,29.45,7,5
823,2015-06-01 20:43:19.471423,2015-06-01 20:42:39.041386,2015-06-01 20:51:11.045271,22.9,307,5
824,2015-06-01 20:43:54.008287,2015-06-01 20:42:44.466707,2015-06-01 21:00:53.190768,20.3,408,5
825,2015-06-01 20:43:39.825778,2015-06-01 20:43:21.391229,2015-06-01 20:55:11.341045,18.0,579,3
826,2015-06-01 20:44:26.640687,2015-06-01 20:44:05.383528,2015-06-01 20:52:32.990773,16.0,165,3
827,2015-06-01 20:44:41.596284,2015-06-01 20:44:21.795082,2015-06-01 20:55:11.275949,28.0,579,4
828,2015-06-01 20:45:33.845705,2015-06-01 20:45:01.240591,2015-06-01 20:54:43.643587,15.25,848,3
829,2015-06-01 20:45:56.013358,2015-06-01 20:45:15.112175,2015-06-01 20:53:56.256802,23.9,490,4
830,2015-06-01 20:46:37.890694,2015-06-01 20:45:31.112914,2015-06-01 20:48:35.800915,15.9,3,3
831,2015-06-01 20:46:14.549596,2015-06-01 20:45:47.493416,2015-06-01 21:10:27.326183,27.85,10,5
832,2015-06-01 20:47:19.107595,2015-06-01 20:46:33.828888,2015-06-01 20:48:35.729002,40.9,3,4
833,2015-06-01 20:47:19.058243,2015-06-01 20:46:52.810740,2015-06-01 20:55:46.256971,33.25,365,5
834,2015-06-01 20:47:34.348035,2015-06-01 20:47:21.734592,2015-06-01 21:09:14.793637,35.8,255,4
835,2015-06-01 20:47:48.802102,2015-06-01 20:47:31.566523,2015-06-01 20:52:31.970685,44.0,524,9
836,2015-06-01 20:48:55.364875,2015-06-01 20:48:21.323604,2015-06-01 21:11:46.156615,23.9,2570,1
837,2015-06-01 20:48:42.395821,2015-06-01 20:48:24.495037,2015-06-01 20:55:49.176370,15.85,463,4
838,2015-06-01 20:49:35.782369,2015-06-01 20:48:27.030089,2015-06-01 21:11:15.782699,19.1,133,6
839,2015-06-01 20:48:59.105810,2015-06-01 20:48:37.579978,2015-06-01 21:06:12.533997,18.4,16,2
840,2015-06-01 20:50:06.161580,2015-06-01 20:48:45.848748,2015-06-01 21:11:05.795334,21.9,1402,2
841,2015-06-01 20:50:13.797174,2015-06-01 20:49:41.620477,2015-06-01 21:00:09.465479,74.0,2504,6
842,2015-06-01 20:50:13.894352,2015-06-01 20:49:49.703263,2015-06-01 20:53:56.323808,32.8,490,3
843,2015-06-01 20:50:17.154416,2015-06-01 20:50:03.565113,2015-06-01 20:56:50.131328,24.8,1270,5
844,2015-06-01 20:50:34.980578,2015-06-01 20:50:10.213349,2015-06-01 21:07:34.942051,23.0,165,5
845,2015-06-01 20:50:22.327642,2015-06-01 20:50:10.238362,2015-06-01 20:59:03.091287,20.5,2533,3
846,2015-06-01 20:50:52.392013,2015-06-01 20:50:20.796327,2015-06-01 20:59:36.834172,23.2,1270,3
847,2015-06-01 20:51:01.531201,2015-06-01 20:50:29.966013,2015-06-01 21:04:44.797135,15.9,570,2
848,2015-06-01 20:52:02.061932,2015-06-01 20:51:35.175054,2015-06-01 21:19:00.888131,45.8,829,8
849,2015-06-01 20:53:07.318270,2015-06-01 20:51:56.471621,2015-06-01 21:07:30.782995,18.5,2852,5
850,2015-06-01 20:53:05.004574,2015-06-01 20:52:11.707083,2015-06-01 21:07:28.859949,16.6,58,3
851,2015-06-01 20:52:52.825552,2015-06-01 20:52:24.818936,2015-06-01 20:59:12.189720,34.1,1017,4
852,2015-06-01 20:53:15.848646,2015-06-01 20:52:29.995703,2015-06-01 21:04:41.462698,38.0,2311,2
853,2015-06-01 20:53:23.414420,2015-06-01 20:53:02.796668,2015-06-01 21:09:05.706705,18.1,312,3
854,2015-06-01 20:53:36.436543,2015-06-01 20:53:19.131369,2015-06-01 20:56:33.078421,28.5,2696,3
855,2015-06-01 20:54:24.662653,2015-06-01 20:53:57.415154,2015-06-01 21:04:15.849548,23.0,365,4
856,2015-06-01 20:55:46.132175,2015-06-01 20:55:07.594312,2015-06-01 21:18:09.306139,15.4,885,4
857,2015-06-01 20:55:48.225544,2015-06-01 20:55:18.795864,2015-06-01 20:56:40.748159,20.0,1869,4
858,2015-06-01 20:57:54.689999,2015-06-01 20:57:29.273616,2015-06-01 21:05:54.069525,21.85,485,4
859,2015-06-01 21:00:10.814372,2015-06-01 20:58:20.511929,2015-06-01 21:21:59.352074,20.0,719,2
860,2015-06-01 20:59:32.175525,2015-06-01 20:59:05.133811,2015-06-01 21:12:35.951933,19.25,1006,5
861,2015-06-01 21:00:12.649879,2015-06-01 20:59:41.662143,2015-06-01 21:24:36.978395,27.65,1228,5
862,2015-06-01 21:03:26.441847,2015-06-01 21:02:49.536028,2015-06-01 21:33:22.499359,18.65,200,4
863,2015-06-01 21:03:34.209928,2015-06-01 21:03:08.036953,2015-06-01 21:17:53.940766,28.0,850,5
864,2015-06-01 21:04:08.047715,2015-06-01 21:03:31.610841,2015-06-01 21:36:39.413890,38.15,267,6
865,2015-06-01 21:04:12.689026,2015-06-01 21:03:36.054907,2015-06-01 21:13:11.452028,40.5,2180,3
866,2015-06-01 21:04:32.875696,2015-06-01 21:04:17.285532,2015-06-01 21:21:44.567268,36.32,137,7
867,2015-06-01 21:05:37.518015,2015-06-01 21:05:07.340276,2015-06-01 21:17:18.257909,17.1,423,3
868,2015-06-01 21:05:55.669762,2015-06-01 21:05:15.287735,2015-06-01 21:13:18.611974,25.3,1939,3
869,2015-06-01 21:07:29.826664,2015-06-01 21:06:54.723075,2015-06-01 21:14:44.620165,16.45,423,3
870,2015-06-01 21:08:00.320823,2015-06-01 21:07:50.672545,2015-06-01 21:29:01.817489,31.0,854,3
871,2015-06-01 21:09:04.508837,2015-06-01 21:08:42.406499,2015-06-01 21:16:35.790002,15.4,395,2
872,2015-06-01 21:09:19.135677,2015-06-01 21:08:48.916097,2015-06-01 21:29:58.547941,47.95,1189,3
873,2015-06-01 21:09:45.720349,2015-06-01 21:09:17.637487,2015-06-01 21:12:57.081159,16.7,153,2
874,2015-06-01 21:10:15.372547,2015-06-01 21:09:44.843666,2015-06-01 21:15:07.067878,19.95,1754,2
875,2015-06-01 21:11:01.959390,2015-06-01 21:10:39.175440,2015-06-01 21:23:56.617533,15.9,2264,2
876,2015-06-01 21:11:20.018079,2015-06-01 21:10:47.088509,2015-06-01 21:18:49.016912,15.0,861,3
877,2015-06-01 21:11:05.163492,2015-06-01 21:10:50.360999,2015-06-01 21:30:52.589181,23.4,1159,2
878,2015-06-01 21:11:50.886031,2015-06-01 21:11:17.667876,2015-06-01 21:52:29.105746,53.31,137,7
879,2015-06-01 21:11:51.488954,2015-06-01 21:11:28.190198,2015-06-01 21:32:45.567062,30.0,255,3
880,2015-06-01 21:13:42.443562,2015-06-01 21:12:25.990331,2015-06-01 21:17:04.146777,15.5,23,3
881,2015-06-01 21:12:55.898287,2015-06-01 21:12:34.813049,2015-06-01 21:21:44.955053,17.0,19,3
882,2015-06-01 21:14:38.085693,2015-06-01 21:14:22.527383,2015-06-01 21:22:53.622632,20.9,156,2
883,2015-06-01 21:16:13.278298,2015-06-01 21:15:36.066118,2015-06-01 21:26:29.315644,32.5,1851,4
884,2015-06-01 21:16:33.379606,2015-06-01 21:16:03.061405,2015-06-01 21:16:46.418617,28.0,2303,2
885,2015-06-01 21:16:25.025441,2015-06-01 21:16:06.933106,2015-06-01 21:30:29.319642,17.86,137,4
886,2015-06-01 21:17:20.701608,2015-06-01 21:16:58.429619,2015-06-01 21:17:30.899029,35.5,1268,3
887,2015-06-01 21:20:08.767345,2015-06-01 21:17:25.648650,2015-06-01 21:37:55.340397,72.8,2181,8
888,2015-06-01 21:26:08.668211,2015-06-01 21:17:33.837064,2015-06-01 22:06:25.584781,9.5,1515,1
889,2015-06-01 21:18:19.941228,2015-06-01 21:18:01.824281,2015-06-01 21:18:40.751890,21.5,341,2
890,2015-06-01 21:20:26.932129,2015-06-01 21:19:54.504578,2015-06-01 21:30:56.322931,16.95,2812,3
891,2015-06-01 21:20:13.313942,2015-06-01 21:19:54.652793,2015-06-01 21:20:51.638799,16.0,1869,3
892,2015-06-01 21:20:19.192409,2015-06-01 21:19:57.146148,2015-06-01 21:30:22.005871,23.75,1756,4
893,2015-06-01 21:20:24.175194,2015-06-01 21:20:10.247115,2015-06-01 21:25:10.961260,17.2,365,4
894,2015-06-01 21:21:28.649093,2015-06-01 21:21:01.439076,2015-06-01 21:30:44.865916,17.0,323,2
895,2015-06-01 21:22:20.287777,2015-06-01 21:21:06.632633,2015-06-01 21:36:06.846218,16.45,2777,4
896,2015-06-01 21:22:56.413110,2015-06-01 21:22:33.946729,2015-06-01 21:39:56.783000,17.15,169,5
897,2015-06-01 21:23:45.906948,2015-06-01 21:23:30.187434,2015-06-01 21:28:48.455740,19.4,1199,3
898,2015-06-01 21:25:42.007915,2015-06-01 21:25:13.608698,2015-06-01 21:32:00.370628,23.0,1022,3
899,2015-06-01 21:26:12.259198,2015-06-01 21:25:47.099013,2015-06-01 21:28:33.393258,15.0,870,3
900,2015-06-01 21:30:14.225411,2015-06-01 21:29:50.272768,2015-06-01 21:37:29.541296,19.3,870,4
901,2015-06-01 21:31:48.791172,2015-06-01 21:31:21.649208,2015-06-01 21:48:07.311280,19.8,1100,1
902,2015-06-01 21:31:55.589440,2015-06-01 21:31:36.719031,2015-06-01 21:51:02.194869,16.5,129,4
903,2015-06-01 21:31:57.449422,2015-06-01 21:31:40.569997,2015-06-01 21:41:09.818482,19.0,349,3
904,2015-06-01 21:31:59.808403,2015-06-01 21:31:43.050892,2015-06-01 21:37:35.418316,19.95,173,3
905,2015-06-01 21:37:49.034829,2015-06-01 21:31:57.646204,2015-06-01 21:44:47.164446,7.75,2811,1
906,2015-06-01 21:33:00.817450,2015-06-01 21:32:12.801259,2015-06-01 21:51:38.321118,46.8,461,4
907,2015-06-01 21:37:46.828660,2015-06-01 21:37:24.135485,2015-06-01 21:47:17.432135,28.65,365,4
908,2015-06-01 21:38:22.056695,2015-06-01 21:37:47.464974,2015-06-01 21:51:06.540225,15.1,23,2
909,2015-06-01 21:39:40.457377,2015-06-01 21:39:31.280486,2015-06-01 21:48:39.746776,15.5,2112,1
910,2015-06-01 21:39:55.059581,2015-06-01 21:39:42.211680,2015-06-01 21:58:11.808946,20.25,463,3
911,2015-06-01 21:57:28.524624,2015-06-01 21:40:01.466309,2015-06-01 22:15:26.656638,80.3,411,5
912,2015-06-01 21:41:20.426542,2015-06-01 21:40:51.725138,2015-06-01 21:54:58.428296,27.0,349,5
913,2015-06-01 21:41:48.058786,2015-06-01 21:41:31.533120,2015-06-01 21:54:42.188621,29.0,962,4
914,2015-06-01 21:41:59.525392,2015-06-01 21:41:43.281273,2015-06-01 21:57:25.023564,15.0,55,3
915,2015-06-01 21:42:12.647450,2015-06-01 21:41:48.454127,2015-06-01 22:08:20.006089,41.7,39,2
916,2015-06-01 21:43:13.211707,2015-06-01 21:42:44.082902,2015-06-01 22:12:04.702499,44.85,653,7
917,2015-06-01 21:43:58.820787,2015-06-01 21:42:57.502424,2015-06-01 21:54:00.412620,22.5,2179,4
918,2015-06-01 21:45:33.896312,2015-06-01 21:45:02.121282,2015-06-01 21:54:28.130125,31.0,579,5
919,2015-06-01 21:45:30.842475,2015-06-01 21:45:03.814643,2015-06-01 22:21:43.634442,31.0,2734,7
920,2015-06-01 21:45:35.054017,2015-06-01 21:45:10.499381,2015-06-01 21:51:47.441599,10.45,616,1
921,2015-06-01 21:47:20.806688,2015-06-01 21:47:00.386680,2015-06-01 21:54:53.656845,27.4,1594,4
922,2015-06-01 21:47:58.987533,2015-06-01 21:47:30.322111,2015-06-01 22:00:21.139750,17.0,2112,2
923,2015-06-01 21:47:59.480388,2015-06-01 21:47:33.620539,2015-06-01 22:07:41.627692,16.9,1243,2
924,2015-06-01 21:48:44.779287,2015-06-01 21:47:35.436121,2015-06-01 21:57:42.936666,16.5,1188,2
925,2015-06-01 21:49:50.462923,2015-06-01 21:48:53.987835,2015-06-01 22:00:05.069382,25.7,1384,5
926,2015-06-01 21:49:20.786695,2015-06-01 21:49:00.613142,2015-06-01 22:05:23.422286,15.85,1182,3
927,2015-06-01 21:49:23.109727,2015-06-01 21:49:08.202907,2015-06-01 22:02:58.393641,18.6,127,4
928,2015-06-01 21:49:49.086520,2015-06-01 21:49:33.543026,2015-06-01 22:02:14.325809,28.5,349,4
929,2015-06-01 21:52:13.043298,2015-06-01 21:51:40.148358,2015-06-01 22:13:42.389367,24.45,2324,2
930,2015-06-01 21:52:19.537225,2015-06-01 21:51:51.271141,2015-06-01 22:02:58.496168,15.15,127,3
931,2015-06-01 21:52:58.019168,2015-06-01 21:52:31.655041,2015-06-01 21:58:28.547003,13.45,687,3
932,2015-06-01 21:53:27.301382,2015-06-01 21:52:51.875363,2015-06-01 22:09:15.206925,23.6,328,5
933,2015-06-01 21:54:50.987359,2015-06-01 21:54:19.032226,2015-06-01 22:10:19.895947,16.75,706,4
934,2015-06-01 21:55:26.059686,2015-06-01 21:54:52.413121,2015-06-01 22:24:28.143648,18.15,143,5
935,2015-06-01 21:55:36.997720,2015-06-01 21:55:02.527658,2015-06-01 22:03:49.068551,22.9,478,3
936,2015-06-01 21:55:31.988990,2015-06-01 21:55:08.605573,2015-06-01 22:07:02.391435,21.85,815,2
937,2015-06-01 21:56:18.666198,2015-06-01 21:55:44.140399,2015-06-01 22:07:43.952140,21.8,55,2
938,2015-06-01 21:58:04.891298,2015-06-01 21:57:41.757613,2015-06-01 22:27:11.710217,136.7,1594,18
939,2015-06-01 22:00:43.188416,2015-06-01 22:00:14.598178,2015-06-01 22:01:39.232047,15.5,365,2
940,2015-06-01 22:02:17.251603,2015-06-01 22:01:36.889653,2015-06-01 22:24:33.660762,16.6,143,3
941,2015-06-01 22:02:42.769301,2015-06-01 22:02:00.182767,2015-06-01 22:24:33.597829,15.4,143,3
942,2015-06-01 22:05:26.216290,2015-06-01 22:05:00.013302,2015-06-01 22:17:02.079351,68.5,19,6
943,2015-06-01 22:07:19.235041,2015-06-01 22:06:25.104444,2015-06-01 22:12:26.160613,17.3,1220,3
944,2015-06-01 22:08:08.372161,2015-06-01 22:07:08.606028,2015-06-01 22:27:26.405633,39.85,655,5
945,2015-06-01 22:09:07.839081,2015-06-01 22:08:41.577123,2015-06-01 22:29:00.425526,35.2,1070,8
946,2015-06-01 22:09:36.949711,2015-06-01 22:09:05.995566,2015-06-01 22:16:56.628303,17.0,1515,1
947,2015-06-01 22:09:28.410684,2015-06-01 22:09:11.341054,2015-06-01 22:18:52.776479,21.65,365,3
948,2015-06-01 22:21:19.065185,2015-06-01 22:09:16.497322,2015-06-01 22:42:00.295356,100.0,341,14
949,2015-06-01 22:10:47.678631,2015-06-01 22:10:15.085055,2015-06-01 22:22:47.259299,26.3,2485,2
950,2015-06-01 22:14:07.096328,2015-06-01 22:13:48.439533,2015-06-01 22:28:57.330939,27.5,143,3
951,2015-06-01 22:14:19.077591,2015-06-01 22:14:02.200805,2015-06-01 22:24:52.010660,19.0,304,2
952,2015-06-01 22:14:50.159984,2015-06-01 22:14:07.153261,2015-06-01 22:28:01.282151,29.4,411,3
953,2015-06-01 22:17:27.889026,2015-06-01 22:17:03.641364,2015-06-01 22:33:02.394671,35.75,19,2
954,2015-06-01 22:22:36.552915,2015-06-01 22:22:04.245479,2015-06-01 23:03:39.314631,25.4,337,2
955,2015-06-01 22:26:28.984502,2015-06-01 22:23:51.446147,2015-06-01 22:51:16.746822,50.4,1784,5
956,2015-06-01 22:24:47.837428,2015-06-01 22:24:09.514569,2015-06-01 22:41:19.620578,38.59,408,16
957,2015-06-02 11:57:15.978328,2015-06-01 22:26:16.663367,2015-06-02 12:39:29.369296,71.0,2733,4
958,2015-06-01 22:30:19.224346,2015-06-01 22:30:01.816252,2015-06-01 22:40:13.410639,17.95,365,3
959,2015-06-01 22:34:25.560951,2015-06-01 22:34:05.308654,2015-06-01 22:55:22.763749,28.0,556,5
960,2015-06-01 22:36:05.424127,2015-06-01 22:35:32.846147,2015-06-01 22:50:07.222873,17.5,338,1
961,2015-06-02 09:29:46.622463,2015-06-01 22:38:43.843247,2015-06-02 12:56:10.803110,60.65,406,15
962,2015-06-01 22:39:28.398762,2015-06-01 22:39:02.622794,2015-06-01 22:50:57.325838,16.9,684,2
963,2015-06-01 22:44:10.841301,2015-06-01 22:43:41.559421,2015-06-01 22:53:54.102351,20.55,143,4
964,2015-06-01 22:48:34.793765,2015-06-01 22:46:34.213834,2015-06-01 23:03:56.340792,35.0,1479,3
965,2015-06-01 22:50:40.160772,2015-06-01 22:50:22.889655,2015-06-01 23:00:39.607235,53.0,794,4
966,2015-06-01 22:52:49.903647,2015-06-01 22:52:16.222144,2015-06-01 22:57:26.633315,12.5,1188,1
967,2015-06-01 22:57:36.924368,2015-06-01 22:57:15.832116,2015-06-01 23:07:42.105750,21.05,57,3
968,2015-06-02 09:03:15.039319,2015-06-01 23:38:26.444549,2015-06-02 10:17:40.688321,32.0,2759,6
969,2015-06-02 10:16:47.597607,2015-06-02 08:49:12.108955,2015-06-02 12:50:43.172036,132.5,56,5
970,2015-06-02 11:14:40.503707,2015-06-02 09:05:15.239980,2015-06-02 11:17:12.246118,15.0,1871,3
971,2015-06-02 09:28:51.461603,2015-06-02 09:09:37.399500,2015-06-02 12:20:09.495248,35.95,2253,7
972,2015-06-02 11:26:08.030877,2015-06-02 09:30:48.346820,2015-06-02 12:46:26.188782,44.05,66,10
973,2015-06-02 12:01:43.183742,2015-06-02 09:48:11.197664,2015-06-02 12:34:24.636465,40.7,162,4
974,2015-06-02 10:55:41.735182,2015-06-02 10:02:41.347300,2015-06-02 11:14:34.499474,18.0,1871,4
975,2015-06-02 12:21:39.462138,2015-06-02 10:13:46.142348,2015-06-02 12:44:54.378225,32.7,2336,3
976,2015-06-02 11:54:36.724996,2015-06-02 10:16:17.406998,2015-06-02 12:39:36.322866,17.3,20,2
977,2015-06-02 10:37:06.161661,2015-06-02 10:31:32.465545,2015-06-02 11:11:35.159265,16.4,2321,4
978,2015-06-02 11:40:26.114962,2015-06-02 10:40:39.072491,2015-06-02 12:12:36.436148,25.3,1162,5
979,2015-06-02 10:46:09.359288,2015-06-02 10:45:21.218473,2015-06-02 12:33:18.178857,47.15,2522,5
980,2015-06-02 11:09:39.432325,2015-06-02 10:58:49.533713,2015-06-02 12:29:45.139407,15.5,2451,4
981,2015-06-02 11:05:51.896123,2015-06-02 11:05:08.072642,2015-06-02 12:23:24.647610,17.25,280,2
982,2015-06-02 11:05:55.604312,2015-06-02 11:05:24.956731,2015-06-02 12:20:03.890107,28.0,2253,2
983,2015-06-02 12:11:07.665981,2015-06-02 11:13:43.922773,2015-06-02 12:11:07.665981,41.1,81,4
984,2015-06-02 11:58:35.667606,2015-06-02 11:17:12.875311,2015-06-02 12:34:58.668686,12.5,2279,2
985,2015-06-02 11:17:47.991518,2015-06-02 11:17:26.670976,2015-06-02 11:20:54.751917,30.0,1871,5
986,2015-06-02 11:18:24.712167,2015-06-02 11:18:04.354146,2015-06-02 11:35:09.670691,42.0,1814,2
987,2015-06-02 11:19:13.757810,2015-06-02 11:18:48.626221,2015-06-02 12:32:35.222964,10.45,1518,2
988,2015-06-02 11:20:05.692297,2015-06-02 11:19:31.351442,2015-06-02 11:29:25.375392,16.9,2130,3
989,2015-06-02 11:28:48.497974,2015-06-02 11:20:44.900696,2015-06-02 12:36:36.643323,15.5,490,2
990,2015-06-02 11:32:23.622185,2015-06-02 11:24:28.811429,2015-06-02 12:30:43.539519,37.75,1519,5
991,2015-06-02 11:32:18.527422,2015-06-02 11:26:34.555412,2015-06-02 12:18:06.018897,33.6,1519,4
992,2015-06-02 11:27:02.976730,2015-06-02 11:26:41.637302,2015-06-02 11:29:14.055328,15.5,1820,3
993,2015-06-02 11:55:59.687950,2015-06-02 11:28:31.845863,2015-06-02 12:30:30.716191,29.65,365,5
994,2015-06-02 11:31:17.610582,2015-06-02 11:30:29.374480,2015-06-02 12:39:33.985047,103.75,925,16
995,2015-06-02 11:34:25.288675,2015-06-02 11:32:50.951326,2015-06-02 12:27:11.612941,16.0,1083,3
996,2015-06-02 11:36:10.389936,2015-06-02 11:35:37.279152,2015-06-02 12:28:26.022521,74.5,31,2
997,2015-06-02 11:43:27.466405,2015-06-02 11:36:58.572239,2015-06-02 12:18:17.421797,65.45,666,10
998,2015-06-02 11:38:47.115122,2015-06-02 11:38:07.777979,2015-06-02 12:36:30.764598,6.49,315,1
